HHID,Districts,ADOINDEX,Gender,HHAGE,CBWSEXPE,HHGRADE,FAMSIZE,DERATIO,HHTLU,LAIBWS,TOWHPROD,PRODVITY,CAPINVESTED,SRFREQNCY,HWEEDFRE,ROWSPACIG,FREXTCON,CREDITAMT,COOPMEMBR,seedrate,seedcost,FERATE,FERCOST,herbph,herbcost,machrent,manday,labcost,SRCLASS,lnprty,lnland,lncapitalin,lnseedrate,lnlabour,lnferate,lnherbph,lnmarent,INEFW,TESCORE
1,Baso Liban,0.70,Male,49,16,0,7,0.35,10.34,1.05,49,39,21990,1,2,20,0,0,Non-member,100,2300,200,3000,1,450,0,109,16350,Recycled Seed Users,3.66,0.23,10.00,4.61,1.39,5.30,0.00,0.00,0.09,0.92
2,Baso Liban,0.31,Male,29,2,6,2,0.88,0.24,0.19,16.25,33,10550,12,0,5,1,0,Member,125,2875,50,750,0,0,0,60,9000,Recycled Seed Users,3.50,-0.71,9.26,4.83,1.10,3.91,0.00,0.00,0.72,0.52
3,Baso Liban,0.21,Male,28,2,0,2,0.91,0.15,0.10,15.5,31,10575,13,0,5,1,0,Member,450,10350,50,750,0,0,0,48,7200,Recycled Seed Users,3.43,-0.69,9.27,6.11,0.69,3.91,0.00,0.00,0.75,0.51
4,Baso Liban,0.95,Male,52,20,0,9,0.22,14.39,1.42,45.5,46,30225,0,2,30,1,0,Non-member,150,3450,250,3750,1.25,562.5,3600,104,15600,Fresh Seed User,3.83,0.18,10.32,5.01,1.61,5.52,0.22,8.19,0.07,0.94
5,Baso Liban,0.93,Male,55,10,0,10,0.17,6.76,2.10,70.5,47,5885,3,2,30,2,10000,Member,150,3450,125,1875,1,450,3600,101,15150,Recycled Seed Users,3.43,0.82,8.68,5.01,1.61,4.83,0.00,8.19,0.16,0.86
6,Baso Liban,0.47,Male,30,4,0,3,0.84,0.99,0.24,17.5,35,13140,8,1,10,2,0,Member,450,11500,150,2250,0.5,225,0,76,11400,Recycled Seed Users,3.56,-0.69,9.48,6.11,1.10,5.01,-0.69,0.00,0.42,0.68
7,Baso Liban,0.45,Male,43,23,0,5,0.51,6.24,0.45,29.25,39,29775,5,2,10,2,5000,Non-member,200,4600,25,375,0.5,225,0,73,10950,Fresh Seed User,3.66,-0.29,10.30,5.30,1.10,3.22,-0.69,0.00,0.17,0.85
8,Baso Liban,0.39,Male,35,6,0,4,0.73,4.73,0.29,25.5,34,12305,7,2,10,2,0,Member,125,2875,75,1125,0.5,225,0,68,10200,Recycled Seed Users,3.53,-0.29,9.42,4.83,1.10,4.32,-0.69,0.00,0.31,0.75
9,Baso Liban,0.51,Male,43,9,0,5,0.53,6.45,0.51,28.5,38,20075,5,2,15,1,0,Non-member,125,2875,200,3000,0.82499999,371.25,0,80,12000,Recycled Seed Users,3.64,-0.29,9.91,4.83,1.39,5.30,-0.19,0.00,0.17,0.85
10,Baso Liban,0.50,Male,35,7,0,4,0.75,1.29,0.37,17.25,35,9253,8,1,10,1,0,Member,100,2300,600,9000,0.25,112.5,0,79,11850,Recycled Seed Users,3.56,-0.71,9.13,4.61,1.10,6.40,-1.39,0.00,0.40,0.70
11,Baso Liban,0.67,Male,40,8,8,5,0.60,5.42,0.50,28.5,38,16040,6,2,15,1,5000,Member,125,2875,200,3000,1,450,0,104,15600,Fresh Seed User,3.64,-0.29,9.68,4.83,1.39,5.30,0.00,0.00,0.22,0.82
12,Baso Liban,0.75,Male,58,23,0,11,0.13,17.35,1.86,64.5,43,23925,0,2,25,2,10000,Non-member,50,1150,350,5250,1,450,0,113,16950,Fresh Seed User,3.76,-0.29,10.08,3.91,1.61,5.86,0.00,0.00,0.04,0.96
13,Baso Liban,0.28,Male,36,5,0,4,0.72,1.35,0.14,15,30,14925,8,1,5,2,10000,Member,300,6900,25,375,0,0,0,58,8700,Recycled Seed Users,3.40,0.41,9.61,5.70,0.00,3.22,0.00,0.00,0.39,0.70
14,Baso Liban,0.97,Male,61,9,0,12,0.09,6.13,2.66,72.5,48,5893,5,2,30,1,20000,Member,175,4025,162,2430,1,450,2800,123,18450,Recycled Seed Users,3.43,0.85,8.68,5.16,1.61,5.09,0.00,7.94,0.17,0.85
15,Baso Liban,0.50,Male,45,10,6,6,0.48,6.65,0.38,27.75,37,33894,4,2,10,1,10000,Non-member,125,2875,200,3000,0.5,225,0,80,12000,Fresh Seed User,3.85,0.69,10.43,4.83,1.39,5.30,-0.69,0.00,0.16,0.86
16,Baso Liban,0.49,Male,36,7,0,4,0.71,5.04,0.25,19.5,39,22850,6,2,10,1,0,Non-member,100,2300,100,1500,0,0,0,78,11700,Fresh Seed User,3.66,-0.69,10.04,4.61,1.61,4.61,0.00,0.00,0.25,0.80
17,Baso Liban,0.70,Male,47,20,9,7,0.38,12.40,0.88,42,42,27550,0,2,25,1,10000,Non-member,75,1725,175,2625,0.5,225,0,109,16350,Fresh Seed User,3.74,0.00,10.22,4.32,1.39,5.16,-0.69,0.00,0.07,0.93
18,Baso Liban,0.65,Male,49,18,0,7,0.35,11.36,0.97,45,45,30175,1,2,30,2,0,Non-member,175,4025,275,4125,1,450,1500,101,15150,Fresh Seed User,3.81,0.00,10.31,5.16,1.39,5.62,0.00,7.31,0.08,0.92
19,Baso Liban,0.41,Male,32,9,6,3,0.80,1.35,0.21,17.75,36,21350,8,1,10,1,10000,Non-member,200,4600,75,1125,0,0,0,70,10500,Fresh Seed User,3.58,-0.71,9.97,5.30,1.10,4.32,0.00,0.00,0.39,0.70
20,Baso Liban,0.45,Male,37,8,0,4,0.70,5.70,0.23,19.25,39,23838,6,2,10,1,6000,Non-member,100,2300,100,1500,0,0,0,73,10950,Fresh Seed User,3.66,-0.71,10.08,4.61,1.39,4.61,0.00,0.00,0.21,0.83
21,Baso Liban,0.29,Male,40,9,0,5,0.59,6.03,0.29,29.5,39,25700,5,2,5,1,0,Non-member,200,4600,75,1125,0.5,225,0,58,8700,Recycled Seed Users,3.66,-0.28,10.15,5.30,1.61,4.32,-0.69,0.00,0.17,0.85
22,Baso Liban,0.58,Male,45,10,10,6,0.45,6.76,0.73,43,43,29625,3,2,15,1,0,Non-member,75,1725,250,3750,1.25,562.5,1200,90,13500,Fresh Seed User,3.76,0.33,10.30,4.32,1.61,5.52,0.22,7.35,0.16,0.86
23,Baso Liban,0.45,Male,40,7,0,5,0.61,5.23,0.34,22,44,30050,6,2,10,1,5000,Non-member,100,2300,338,5070,0.5,225,1600,73,10950,Fresh Seed User,3.78,-0.29,10.31,4.61,1.10,5.82,-0.69,7.38,0.24,0.80
24,Baso Liban,1.00,Male,54,10,0,9,0.18,7.14,2.00,70,47,7490,1,2,30,2,0,Member,175,4025,150,2250,1,450,2800,115,17250,Recycled Seed Users,3.50,0.75,8.92,5.16,1.61,5.01,0.00,7.94,0.15,0.87
25,Baso Liban,0.45,Male,44,12,0,9,0.50,8.41,0.57,41.5,42,26075,1,2,15,1,0,Non-member,75,1725,300,4500,1,450,0,73,10950,Fresh Seed User,3.74,-0.69,10.17,4.32,1.39,5.70,0.00,0.00,0.12,0.89
26,Baso Liban,0.62,Male,46,17,0,6,0.44,11.20,0.69,42.5,43,25700,1,2,20,1,0,Non-member,50,1150,150,2250,0.75,337.5,0,95,14250,Fresh Seed User,3.76,0.00,10.15,3.91,1.61,5.01,-0.29,0.00,0.09,0.92
27,Baso Liban,0.20,Male,28,2,0,2,0.90,0.15,0.10,16,32,11800,11,0,5,1,10000,Member,450,10350,55,825,0,0,0,47,7050,Recycled Seed Users,3.47,-0.69,9.38,6.11,0.69,4.01,0.00,0.00,0.63,0.56
28,Baso Liban,0.32,Female,35,7,0,4,0.74,4.63,0.16,18.5,37,22620,7,2,10,1,0,Non-member,200,4600,75,1125,0.25,112.5,0,61,9150,Recycled Seed Users,3.61,-0.69,10.03,5.30,1.39,4.32,-1.39,0.00,0.27,0.78
29,Baso Liban,0.55,Male,44,11,0,6,0.49,7.95,0.55,42,42,27650,1,2,10,1,0,Non-member,125,2875,100,1500,1,450,0,85,12750,Fresh Seed User,3.74,-0.69,10.23,4.83,1.61,4.61,0.00,0.00,0.12,0.89
30,Baso Liban,0.39,Male,25,3,0,7,0.95,0.06,0.10,9,36,17750,10,0,10,1,10000,Member,200,4600,75,1125,0,0,0,68,10200,Recycled Seed Users,3.58,-1.39,9.78,5.30,1.10,4.32,0.00,0.00,0.56,0.60
31,Baso Liban,0.41,Male,33,5,0,3,0.79,4.69,0.20,18,36,20225,7,2,10,1,5000,Non-member,200,4600,100,1500,0,0,0,70,10500,Fresh Seed User,3.58,-0.69,9.91,5.30,1.10,4.61,0.00,0.00,0.31,0.75
32,Baso Liban,0.59,Male,46,11,8,12,0.43,8.09,0.89,40,40,24063,1,2,20,1,10000,Non-member,175,4025,200,3000,0.5,225,0,91,13650,Fresh Seed User,3.69,0.00,10.09,5.16,1.61,5.30,-0.69,0.00,0.12,0.89
33,Baso Liban,0.37,Male,43,10,0,6,0.51,7.15,0.47,37,37,22400,1,2,15,0,10000,Non-member,100,2300,75,1125,0.5,225,0,66,9900,Recycled Seed Users,3.61,0.46,10.02,4.61,1.39,4.32,-0.69,0.00,0.14,0.87
34,Baso Liban,0.46,Male,34,7,0,3,0.78,4.77,0.23,17,34,12175,6,2,30,1,0,Member,200,4600,50,750,0.5,225,0,75,11250,Recycled Seed Users,3.53,-0.69,9.41,5.30,1.10,3.91,-0.69,0.00,0.26,0.79
35,Baso Liban,0.51,Male,40,9,0,5,0.61,6.35,0.38,28.5,38,22725,5,2,20,1,0,Non-member,100,2300,100,1500,1,450,0,80,12000,Fresh Seed User,3.64,-0.29,10.03,4.61,1.39,4.61,0.00,0.00,0.17,0.85
36,Baso Liban,0.23,Female,28,1,5,2,0.92,0.15,0.11,16.5,33,14028,13,0,15,1,10000,Member,300,6900,25,375,0,0,0,51,7650,Recycled Seed Users,3.50,-0.69,9.55,5.70,1.10,3.22,0.00,0.00,0.87,0.45
37,Baso Liban,0.45,Male,37,7,10,4,0.69,5.31,0.28,23,37,18013,6,2,10,2,0,Member,200,4600,200,3000,0.5,225,0,73,10950,Recycled Seed Users,3.61,-0.48,9.80,5.30,1.39,5.30,-0.69,0.00,0.23,0.80
38,Baso Liban,0.29,Male,31,5,9,3,0.82,4.29,0.15,17.25,35,20125,7,2,10,1,5000,Non-member,450,10350,75,1125,0.25,112.5,0,58,8700,Recycled Seed Users,3.56,-0.71,9.91,6.11,1.10,4.32,-1.39,0.00,0.32,0.74
39,Baso Liban,0.80,Male,45,13,0,6,0.46,8.90,0.80,41.25,41,22298,1,2,25,1,0,Non-member,75,1725,250,3750,1,450,0,121,18150,Recycled Seed Users,3.71,0.01,10.01,4.32,1.39,5.52,0.00,0.00,0.11,0.90
40,Baso Liban,0.29,Male,29,4,0,3,0.88,0.22,0.15,16.75,34,15125,9,0,5,1,0,Member,400,9200,80,1200,0,0,0,58,8700,Recycled Seed Users,3.53,-0.71,9.62,5.99,1.10,4.38,0.00,0.00,0.50,0.64
41,Baso Liban,0.59,Female,46,14,0,6,0.43,9.25,0.74,42.5,43,32950,1,2,25,2,1,Non-member,75,1725,200,3000,1,450,1200,91,13650,Fresh Seed User,3.76,0.49,10.40,4.32,1.39,5.30,0.00,7.09,0.11,0.90
42,Baso Liban,0.43,Male,35,4,4,11,0.75,0.79,0.21,18.25,37,29850,8,1,10,1,0,Non-member,200,4600,50,750,0.5,225,0,72,10800,Fresh Seed User,3.76,-0.69,10.30,5.30,1.10,3.91,-0.69,0.00,0.42,0.68
43,Baso Liban,0.77,Male,60,21,3,12,0.11,14.54,2.13,63,42,25738,0,2,25,1,20000,Non-member,50,1150,50,750,1,450,0,118,17700,Fresh Seed User,3.74,-0.29,10.16,3.91,1.61,3.91,0.00,0.00,0.06,0.94
44,Baso Liban,0.59,Male,43,11,0,6,0.51,7.46,0.59,20,40,21708,1,2,20,1,0,Non-member,100,2300,250,3750,0.5,225,0,91,13650,Recycled Seed Users,3.69,-0.69,9.99,4.61,1.61,5.52,-0.69,0.00,0.13,0.88
45,Baso Liban,0.33,Male,36,6,7,4,0.71,4.14,0.24,19.25,39,25550,7,2,10,1,6000,Non-member,125,2875,75,1125,0,0,0,62,9300,Recycled Seed Users,3.66,-0.71,10.15,4.83,1.39,4.32,0.00,0.00,0.29,0.77
46,Baso Liban,0.77,Male,52,21,0,9,0.23,15.02,1.36,43,43,26150,0,2,25,1,0,Non-member,50,1150,150,2250,1,450,0,118,17700,Fresh Seed User,3.76,0.00,10.17,3.91,1.61,5.01,0.00,0.00,0.06,0.94
47,Baso Liban,0.29,Male,28,4,0,8,0.89,0.57,0.15,16.75,34,15880,9,1,15,0,0,Member,400,9200,50,750,0,0,0,58,8700,Recycled Seed Users,3.53,-0.71,9.67,5.99,1.10,3.91,0.00,0.00,0.44,0.67
48,Baso Liban,0.60,Male,40,8,0,5,0.61,5.56,0.45,27,36,17700,6,2,10,1,6000,Member,150,3450,100,1500,0.25,112.5,0,92,13800,Recycled Seed Users,3.58,-0.29,9.78,5.01,1.10,4.61,-1.39,0.00,0.21,0.82
49,Baso Liban,0.97,Male,34,1,0,3,0.77,1.90,0.48,25,50,33025,14,0,30,1,15000,Non-member,200,4600,100,1500,1,450,4800,123,18450,Fresh Seed User,3.91,-0.44,10.41,5.30,1.61,4.61,0.00,8.48,0.92,0.42
50,Baso Liban,0.64,Female,47,15,0,7,0.38,9.43,0.97,43,43,26600,1,2,30,0,0,Non-member,100,2300,450,6750,1,450,1600,100,15000,Fresh Seed User,3.76,0.00,10.19,4.61,1.61,6.11,0.00,7.38,0.10,0.91
51,Baso Liban,0.64,Male,46,19,0,6,0.43,11.87,0.80,42,42,26675,1,2,30,1,0,Non-member,75,1725,100,1500,1,450,0,98,14700,Fresh Seed User,3.74,-0.69,10.19,4.32,1.61,4.61,0.00,0.00,0.08,0.93
52,Baso Liban,0.62,Male,43,7,0,6,0.51,5.34,0.93,44.25,44,7175,6,2,30,3,10000,Member,200,4600,150,2250,1,450,0,96,14400,Recycled Seed Users,3.47,0.32,8.88,5.30,1.39,5.01,0.00,0.00,0.23,0.81
53,Baso Liban,0.59,Male,45,15,0,6,0.46,9.93,0.74,40,40,23400,1,2,20,1,0,Non-member,100,2300,200,3000,1,450,0,91,13650,Fresh Seed User,3.69,0.00,10.06,4.61,1.61,5.30,0.00,0.00,0.10,0.91
54,Baso Liban,0.60,Male,45,14,0,6,0.48,9.10,0.60,39,39,22775,1,2,15,1,0,Non-member,125,2875,100,1500,0.75,337.5,0,93,13950,Recycled Seed Users,3.66,0.57,10.03,4.83,1.61,4.61,-0.29,0.00,0.11,0.90
55,Baso Liban,0.17,Male,37,7,0,4,0.68,5.29,0.09,16,32,32875,6,2,5,0,0,Non-member,300,6900,55,825,0,0,0,39,5850,Fresh Seed User,3.76,-0.29,10.40,5.70,0.00,4.01,0.00,0.00,0.24,0.80
56,Baso Liban,0.44,Male,33,5,5,3,0.79,1.68,0.22,18,36,19913,8,1,10,1,10000,Non-member,100,2300,60,900,0,0,0,72,10800,Recycled Seed Users,3.58,-0.69,9.90,4.61,1.10,4.09,0.00,0.00,0.36,0.71
57,Baso Liban,0.47,Male,45,15,0,6,0.45,9.66,0.71,44,44,29075,1,2,25,1,0,Non-member,75,1725,338,5070,1.5,675,1600,76,11400,Fresh Seed User,3.78,0.00,10.28,4.32,1.39,5.82,0.41,7.38,0.10,0.91
58,Baso Liban,0.54,Male,39,8,0,5,0.63,5.73,0.27,18,36,17200,6,2,15,0,0,Member,150,3450,125,1875,0.25,112.5,0,83,12450,Recycled Seed Users,3.58,-0.69,9.75,5.01,1.10,4.83,-1.39,0.00,0.20,0.83
59,Baso Liban,0.31,Male,29,2,7,2,0.88,0.27,0.15,17,34,12075,12,0,10,1,5000,Member,100,2300,50,750,0,0,0,60,9000,Recycled Seed Users,3.53,-0.69,9.40,4.61,1.10,3.91,0.00,0.00,0.66,0.55
60,Baso Liban,0.18,Male,36,6,3,4,0.71,5.43,0.09,15,30,17425,7,2,5,1,5000,Member,450,10350,25,375,0,0,0,42,6300,Recycled Seed Users,3.40,0.41,9.77,6.11,0.00,3.22,0.00,0.00,0.29,0.76
61,Baso Liban,0.51,Male,34,7,0,3,0.77,4.81,0.26,18,36,20350,6,2,20,1,6000,Non-member,125,2875,50,750,0.75,337.5,0,81,12150,Recycled Seed Users,3.58,-0.69,9.92,4.83,1.10,3.91,-0.29,0.00,0.25,0.79
62,Baso Liban,0.56,Male,40,8,0,5,0.60,5.79,0.42,27,36,15270,6,2,10,2,0,Member,100,2300,150,2250,0,0,0,87,13050,Fresh Seed User,3.58,-0.29,9.63,4.61,1.10,5.01,0.00,0.00,0.20,0.83
63,Baso Liban,0.66,Male,46,12,4,6,0.41,7.25,1.15,45,45,8675,1,2,30,3,0,Member,150,3450,100,1500,1,450,0,102,15300,Recycled Seed Users,3.50,0.31,9.07,5.01,1.39,4.61,0.00,0.00,0.14,0.87
64,Baso Liban,0.42,Male,35,8,0,4,0.73,5.48,0.21,21,42,29375,6,2,20,2,5000,Non-member,450,10350,90,1350,0.75,337.5,0,72,10800,Fresh Seed User,3.74,-0.69,10.29,6.11,1.61,4.50,-0.29,0.00,0.21,0.82
65,Baso Liban,0.93,Male,54,10,0,10,0.18,7.21,1.86,50,50,6200,1,2,30,3,0,Member,175,4025,100,1500,1,450,4600,101,15150,Recycled Seed Users,3.43,0.54,8.73,5.16,1.61,4.61,0.00,8.43,0.14,0.87
66,Baso Liban,0.30,Male,34,6,0,3,0.78,6.24,0.23,18,36,21085,7,2,10,0,0,Non-member,200,4600,75,1125,0,0,0,59,8850,Recycled Seed Users,3.58,-0.69,9.96,5.30,1.10,4.32,0.00,0.00,0.29,0.77
67,Baso Liban,0.65,Male,43,10,0,5,0.55,6.99,0.48,28.25,38,17915,2,2,15,3,0,Member,150,3450,200,3000,1,450,0,100,15000,Recycled Seed Users,3.64,-0.30,9.79,5.01,1.39,5.30,0.00,0.00,0.15,0.87
68,Baso Liban,0.68,Male,47,15,0,6,0.40,10.18,0.85,45,45,31413,1,2,30,4,1,Non-member,225,5175,100,1500,0,0,0,105,15750,Fresh Seed User,3.81,0.00,10.35,5.42,1.10,4.61,0.00,0.00,0.09,0.91
69,Baso Liban,0.14,Male,28,5,0,2,0.89,1.89,0.07,16,32,21500,8,1,15,0,6000,Non-member,300,6900,45,675,0,0,0,36,5400,Recycled Seed Users,3.47,-0.69,9.98,5.70,0.00,3.81,0.00,0.00,0.36,0.72
70,Baso Liban,0.91,Male,52,17,0,9,0.24,11.22,1.36,47,47,31025,1,2,30,2,10000,Non-member,150,3450,150,2250,1,450,2400,133,19950,Fresh Seed User,3.85,0.00,10.34,5.01,1.61,5.01,0.00,7.78,0.09,0.92
71,Baso Liban,0.87,Male,54,14,0,10,0.17,9.33,1.95,68,45,7340,1,2,30,2,0,Member,175,4025,200,3000,1,450,1800,129,19350,Recycled Seed Users,3.50,0.72,8.90,5.16,1.61,5.30,0.00,7.50,0.11,0.90
72,Baso Liban,0.39,Male,36,8,0,4,0.71,5.84,0.19,19.5,39,23850,5,2,15,0,3300,Non-member,100,2300,75,1125,0.5,225,0,67,10050,Fresh Seed User,3.66,-0.69,10.08,4.61,1.61,4.32,-0.69,0.00,0.19,0.84
73,Baso Liban,0.66,Male,37,5,8,4,0.69,1.50,0.33,20,40,23375,8,1,20,1,20000,Non-member,150,3450,125,1875,0.25,112.5,0,103,15450,Fresh Seed User,3.69,-0.69,10.06,5.01,1.61,4.83,-1.39,0.00,0.38,0.70
74,Baso Liban,0.08,Male,29,3,4,3,0.88,0.39,0.04,15.5,31,16105,9,0,5,0,3000,Member,250,5750,40,600,0,0,0,32,4800,Recycled Seed Users,3.43,-0.69,9.69,5.52,0.00,3.69,0.00,0.00,0.51,0.63
75,Baso Liban,1.00,Female,53,10,3,9,0.19,6.56,1.74,50,50,13000,5,2,30,1,0,Member,175,4025,150,2250,1.5,675,4800,127,19050,Recycled Seed Users,3.61,0.30,9.47,5.16,1.61,5.01,0.41,8.48,0.17,0.86
76,Baso Liban,0.53,Male,39,8,0,5,0.63,5.59,0.40,27.75,37,19425,6,2,15,1,0,Non-member,125,2875,100,1500,0.75,337.5,0,82,12300,Recycled Seed Users,3.61,-0.29,9.87,4.83,1.39,4.61,-0.29,0.00,0.21,0.82
77,Baso Liban,0.57,Male,43,11,0,5,0.54,7.50,0.43,29.5,39,23980,1,2,20,1,0,Non-member,125,2875,50,750,1,450,0,89,13350,Fresh Seed User,3.66,-0.28,10.08,4.83,1.61,3.91,0.00,0.00,0.13,0.88
78,Baso Liban,0.53,Male,30,2,4,3,0.87,0.50,0.26,17,34,9600,12,0,10,1,5000,Member,150,3450,150,2250,0,0,0,82,12300,Recycled Seed Users,3.53,-0.69,9.17,5.01,1.10,5.01,0.00,0.00,0.67,0.55
79,Baso Liban,0.16,Male,36,9,8,4,0.70,5.88,0.08,15,30,18665,5,2,25,0,0,Member,300,6900,25,375,0,0,0,38,5700,Recycled Seed Users,3.40,0.41,9.83,5.70,0.00,3.22,0.00,0.00,0.18,0.84
80,Baso Liban,0.97,Female,69,22,0,13,0.05,15.44,3.14,126,50,14200,0,2,30,3,0,Member,150,3450,100,1500,1,450,4800,125,18750,Recycled Seed Users,3.58,1.25,9.56,5.01,1.61,4.61,0.00,8.48,0.05,0.95
81,Baso Liban,0.32,Female,36,5,0,4,0.70,3.25,0.24,26.5,35,14700,8,1,10,1,7000,Member,100,2300,75,1125,0.25,112.5,0,61,9150,Recycled Seed Users,3.56,-0.28,9.60,4.61,1.39,4.32,-1.39,0.00,0.33,0.74
82,Baso Liban,0.59,Male,46,10,6,6,0.44,6.66,0.88,44,44,29225,4,2,30,2,8000,Non-member,125,2875,200,3000,1,450,1450,91,13650,Fresh Seed User,3.78,0.00,10.28,4.83,1.61,5.30,0.00,7.28,0.16,0.86
83,Baso Liban,0.89,Male,54,14,0,10,0.18,9.24,2.00,47,47,5488,1,2,30,3,10000,Member,150,3450,175,2625,1,450,0,95,14250,Recycled Seed Users,3.43,0.55,8.61,5.01,1.61,5.16,0.00,0.00,0.11,0.90
84,Baso Liban,0.15,Male,39,7,0,4,0.64,5.07,0.08,15,30,19965,6,2,5,1,5000,Non-member,450,10350,30,450,0,0,0,37,5550,Recycled Seed Users,3.40,0.60,9.90,6.11,0.00,3.40,0.00,0.00,0.24,0.80
85,Baso Liban,0.46,Female,31,3,0,3,0.82,0.07,0.23,18,36,16775,9,0,10,1,10000,Member,200,4600,70,1050,0,0,0,75,11250,Recycled Seed Users,3.58,-0.69,9.73,5.30,1.39,4.25,0.00,0.00,0.50,0.63
86,Baso Liban,0.47,Female,35,6,0,4,0.74,4.39,0.24,18.5,37,16900,7,2,15,2,7000,Member,100,2300,150,2250,0.25,112.5,0,76,11400,Recycled Seed Users,3.61,-0.69,9.74,4.61,1.39,5.01,-1.39,0.00,0.27,0.78
87,Baso Liban,0.32,Male,39,8,0,4,0.65,5.44,0.32,27,36,21475,6,2,10,1,6000,Non-member,100,2300,75,1125,0,0,0,61,9150,Recycled Seed Users,3.58,-0.29,9.97,4.61,1.10,4.32,0.00,0.00,0.22,0.82
88,Baso Liban,0.30,Male,29,4,0,3,0.87,0.23,0.15,16.25,33,13400,9,0,10,1,5000,Member,300,6900,80,1200,0,0,0,59,8850,Recycled Seed Users,3.50,-0.71,9.50,5.70,0.69,4.38,0.00,0.00,0.49,0.64
89,Baso Liban,0.67,Male,50,20,0,8,0.26,14.12,1.17,43,43,25375,0,2,25,1,0,Non-member,100,2300,250,3750,0.5,225,0,104,15600,Fresh Seed User,3.76,0.00,10.14,4.61,1.61,5.52,-0.69,0.00,0.07,0.94
90,Baso Liban,0.65,Male,40,11,0,5,0.59,7.90,0.33,22,44,28975,1,2,30,1,0,Non-member,150,3450,100,1500,0.75,337.5,0,102,15300,Fresh Seed User,3.78,-0.29,10.27,5.01,1.61,4.61,-0.29,0.00,0.12,0.89
91,Baso Liban,0.66,Male,50,18,3,7,0.29,11.27,1.15,41.5,42,25450,1,2,25,1,12000,Non-member,50,1150,200,3000,1,450,0,102,15300,Fresh Seed User,3.74,-0.69,10.14,3.91,1.39,5.30,0.00,0.00,0.08,0.92
92,Baso Liban,0.00,Male,40,7,7,5,0.58,5.29,0.00,21,28,14625,6,2,5,0,0,Member,250,4500,25,375,0,0,0,29,4350,Recycled Seed Users,3.33,1.18,9.59,5.52,0.00,3.22,0.00,0.00,0.24,0.80
93,Baso Liban,0.97,Male,67,19,0,12,0.07,12.00,2.66,91,46,7063,0,2,30,4,0,Member,150,3450,225,3375,1,450,4000,106,15900,Recycled Seed Users,3.47,1.05,8.86,5.01,1.61,5.42,0.00,8.29,0.08,0.93
94,Baso Liban,0.73,Male,60,33,0,11,0.13,18.00,1.83,89,45,30025,0,2,30,4,0,Non-member,175,4025,275,4125,2,900,0,111,16650,Fresh Seed User,3.81,0.00,10.31,5.16,1.39,5.62,0.69,0.00,0.04,0.96
95,Baso Liban,0.24,Male,30,4,0,12,0.85,0.80,0.12,16,32,17093,8,1,5,1,0,Member,300,6900,60,900,0,0,0,53,7950,Recycled Seed Users,3.47,-0.69,9.75,5.70,0.00,4.09,0.00,0.00,0.42,0.68
96,Baso Liban,0.63,Female,50,35,0,7,0.32,19.00,0.63,39.75,40,24475,0,2,20,4,0,Non-member,200,4600,125,1875,0.75,337.5,0,97,14550,Fresh Seed User,3.69,-0.01,10.11,5.30,1.61,4.83,-0.29,0.00,0.03,0.97
97,Baso Liban,0.00,Male,35,5,4,4,0.73,4.45,0.00,6.5,26,8725,7,2,5,2,0,Member,450,8100,25,375,0.25,112.5,0,29,4350,Recycled Seed Users,3.26,0.41,9.07,6.11,0.50,3.22,-1.39,0.00,0.32,0.75
98,Baso Liban,0.91,Male,54,20,0,9,0.19,13.53,1.60,57,46,30963,0,2,30,4,0,Non-member,150,3450,150,2250,1,450,1800,98,14700,Fresh Seed User,3.83,0.00,10.34,5.01,1.39,5.01,0.00,7.50,0.07,0.93
99,Baso Liban,0.56,Male,43,11,0,5,0.54,7.90,0.42,30,40,23813,1,2,20,0,0,Non-member,100,2300,100,1500,1,450,0,86,12900,Fresh Seed User,3.69,-0.29,10.08,4.61,1.61,4.61,0.00,0.00,0.12,0.89
100,Baso Liban,0.92,Female,65,22,0,12,0.09,15.12,2.07,84,48,31805,0,2,30,3,0,Non-member,175,4025,150,2250,1,450,3600,99,14850,Fresh Seed User,3.87,-0.69,10.37,5.16,1.61,5.01,0.00,8.19,0.06,0.95
101,Baso Liban,0.74,Male,50,17,0,8,0.27,11.14,1.20,43.75,44,29538,1,2,30,1,2500,Non-member,175,4025,150,2250,1,450,0,113,16950,Fresh Seed User,3.78,-0.69,10.29,5.16,1.10,5.01,0.00,0.00,0.09,0.92
102,Baso Liban,0.64,Male,37,7,0,4,0.67,5.23,0.48,19.5,39,13875,6,2,20,1,2000,Member,200,4600,400,6000,0.5,225,0,99,14850,Recycled Seed Users,3.66,-0.69,9.54,5.30,1.61,5.99,-0.69,0.00,0.24,0.80
103,Baso Liban,0.69,Female,55,10,0,10,0.17,7.35,1.73,87,44,28825,1,2,25,1,0,Non-member,150,3450,75,1125,2,900,0,107,16050,Fresh Seed User,3.78,-1.39,10.27,5.01,1.39,4.32,0.69,0.00,0.14,0.88
104,Baso Liban,0.51,Male,26,3,8,1,0.94,0.07,0.13,9,36,17933,9,0,10,1,0,Member,200,4600,50,750,0,0,0,80,12000,Fresh Seed User,3.58,-1.39,9.79,5.30,1.10,3.91,0.00,0.00,0.52,0.62
105,Baso Liban,0.25,Male,23,1,0,1,0.96,0.05,0.06,8,32,10325,16,0,5,1,0,Member,300,6900,60,900,0,0,0,55,8250,Recycled Seed Users,3.47,-1.39,9.24,5.70,0.69,4.09,0.00,0.00,1.15,0.35
106,Baso Liban,0.00,Male,37,6,0,4,0.69,5.31,0.00,6,24,7025,7,2,15,0,0,Member,450,8100,25,375,0,0,0,28,4200,Recycled Seed Users,3.18,0.81,8.86,6.11,0.50,3.22,0.00,0.00,0.29,0.76
107,Baso Liban,0.64,Male,46,15,0,6,0.42,10.23,0.80,39.5,40,23675,1,2,15,2,0,Non-member,100,2300,250,3750,0.75,337.5,0,98,14700,Fresh Seed User,3.69,-0.01,10.07,4.61,1.39,5.52,-0.29,0.00,0.09,0.91
108,Baso Liban,0.83,Male,51,18,0,9,0.24,11.25,1.36,44.5,45,30175,1,2,30,1,12000,Non-member,150,3450,200,3000,1,450,900,125,18750,Fresh Seed User,3.81,0.00,10.31,5.01,1.39,5.30,0.00,6.80,0.08,0.92
109,Baso Liban,0.88,Male,58,10,0,11,0.13,7.36,2.31,91,46,11060,1,2,30,1,10000,Member,125,2875,100,1500,1.25,562.5,1800,94,14100,Recycled Seed Users,3.47,0.49,9.31,4.83,1.61,4.61,0.22,7.50,0.14,0.88
110,Baso Liban,0.23,Male,22,1,6,1,0.97,0.05,0.06,7.75,31,11885,15,0,5,1,1100,Member,400,9200,50,750,0,0,0,52,7800,Recycled Seed Users,3.43,-1.39,9.38,5.99,0.00,3.91,0.00,0.00,1.14,0.35
111,Baso Liban,0.58,Female,29,1,0,3,0.88,0.39,0.29,17,34,9440,14,0,10,1,15000,Member,100,2300,100,1500,0,0,0,89,13350,Recycled Seed Users,3.53,-0.69,9.15,4.61,1.10,4.61,0.00,0.00,0.96,0.41
112,Baso Liban,0.24,Male,38,6,0,4,0.67,5.18,0.18,24,32,17825,7,2,5,1,12000,Member,200,4600,60,900,0.5,225,0,54,8100,Recycled Seed Users,3.47,-0.29,9.79,5.30,0.00,4.09,-0.69,0.00,0.29,0.76
113,Baso Liban,0.40,Male,35,6,0,4,0.73,4.54,0.30,26,35,17325,7,2,10,1,0,Member,300,6900,80,1200,0,0,0,69,10350,Fresh Seed User,3.56,-0.30,9.76,5.70,1.10,4.38,0.00,0.00,0.27,0.78
114,Baso Liban,0.32,Female,23,1,5,1,0.96,0.06,0.08,8,32,13265,15,0,5,1,8000,Member,200,4600,60,900,0,0,0,61,9150,Recycled Seed Users,3.47,-1.39,9.49,5.30,0.00,4.09,0.00,0.00,1.11,0.36
115,Baso Liban,0.51,Male,46,13,6,9,0.44,8.68,0.77,40.5,41,26350,1,2,15,0,0,Non-member,200,4600,250,3750,0.75,337.5,0,81,12150,Fresh Seed User,3.71,-0.01,10.18,5.30,1.39,5.52,-0.29,0.00,0.11,0.90
116,Baso Liban,0.81,Male,51,22,0,8,0.25,15.11,1.22,43.25,43,27425,0,2,30,1,0,Non-member,150,3450,100,1500,1,450,0,123,18450,Fresh Seed User,3.76,0.00,10.22,5.01,1.61,4.61,0.00,0.00,0.06,0.95
117,Baso Liban,0.41,Male,32,5,0,3,0.81,2.35,0.21,18,36,20780,8,1,10,1,8000,Non-member,200,4600,50,750,0,0,0,70,10500,Fresh Seed User,3.58,-0.69,9.94,5.30,1.10,3.91,0.00,0.00,0.34,0.73
118,Baso Liban,0.27,Male,23,0,0,1,0.97,0.05,0.13,8,32,9890,17,0,5,1,15000,Member,400,9200,60,900,0,0,0,57,8550,Recycled Seed Users,3.47,-1.39,9.20,5.99,0.69,4.09,0.00,0.00,1.33,0.29
119,Baso Liban,0.21,Male,25,2,0,1,0.94,0.06,0.11,15,30,11575,13,0,5,1,0,Member,300,6900,30,450,0,0,0,48,7200,Recycled Seed Users,3.40,-0.69,9.36,5.70,0.00,3.40,0.00,0.00,0.82,0.48
120,Baso Liban,0.00,Male,38,5,0,4,0.67,3.00,0.00,13.25,27,11475,8,1,5,1,3500,Member,300,5400,25,375,0,0,0,28,4200,Recycled Seed Users,3.30,0.81,9.35,5.70,0.00,3.22,0.00,0.00,0.34,0.73
121,Baso Liban,0.58,Male,30,6,0,3,0.87,5.73,0.14,8.5,34,25300,7,2,10,0,0,Non-member,200,4600,100,1500,0,0,0,89,13350,Fresh Seed User,3.69,-1.55,10.14,5.30,1.10,4.61,0.00,0.00,0.29,0.77
122,Baso Liban,0.91,Male,61,16,0,12,0.09,10.80,2.50,117,47,6560,1,2,30,4,0,Member,150,3450,180,2700,1,450,2200,133,19950,Recycled Seed Users,3.43,1.50,8.79,5.01,1.61,5.19,0.00,7.70,0.09,0.92
123,Baso Liban,0.77,Male,45,15,0,6,0.45,9.62,0.77,30.5,41,25400,1,2,20,1,12000,Non-member,150,3450,100,1500,1,450,0,116,17400,Fresh Seed User,3.71,-0.30,10.14,5.01,1.39,4.61,0.00,0.00,0.10,0.91
124,Baso Liban,0.22,Male,31,4,6,3,0.82,0.43,0.11,16,32,18875,9,0,5,0,12000,Non-member,300,6900,60,900,0,0,0,50,7500,Recycled Seed Users,3.47,-0.69,9.85,5.70,0.00,4.09,0.00,0.00,0.48,0.64
125,Baso Liban,0.46,Male,36,7,0,4,0.72,5.11,0.23,18.75,38,18750,6,2,10,1,0,Non-member,100,2300,250,3750,0.5,225,0,75,11250,Recycled Seed Users,3.64,-0.71,9.84,4.61,1.39,5.52,-0.69,0.00,0.24,0.80
126,Baso Liban,0.94,Male,68,43,0,12,0.06,20.25,2.36,124,50,33325,0,2,30,3,0,Non-member,175,4025,150,2250,1,450,4600,103,15450,Fresh Seed User,3.91,1.35,10.41,5.16,1.61,5.01,0.00,8.43,0.02,0.98
127,Baso Liban,0.67,Male,37,5,6,4,0.70,1.55,0.50,26,35,11355,8,1,10,1,0,Member,125,2875,115,1725,0.5,225,0,104,15600,Recycled Seed Users,3.56,-0.30,9.34,4.83,1.10,4.74,-0.69,0.00,0.38,0.71
128,Baso Liban,0.00,Male,43,12,0,9,0.51,8.64,0.00,12.5,25,33850,1,2,5,1,2500,Non-member,350,6300,25,375,0.5,225,0,28,4200,Fresh Seed User,3.66,0.92,10.43,5.86,0.00,3.22,-0.69,0.00,0.11,0.90
129,Baso Liban,0.52,Male,39,8,0,5,0.63,5.72,0.39,28,37,18900,6,2,15,1,0,Non-member,100,2300,100,1500,0,0,0,82,12300,Recycled Seed Users,3.61,-0.28,9.85,4.61,1.39,4.61,0.00,0.00,0.21,0.83
130,Baso Liban,0.43,Male,29,2,0,2,0.88,0.25,0.22,16.5,33,9163,11,0,10,1,0,Member,100,2300,80,1200,0,0,0,72,10800,Recycled Seed Users,3.50,-0.69,9.12,4.61,1.10,4.38,0.00,0.00,0.64,0.56
131,Baso Liban,0.50,Male,39,6,0,5,0.63,5.34,0.38,25,33,30400,7,2,10,1,0,Non-member,75,1725,50,750,0,0,0,79,11850,Fresh Seed User,3.66,-0.44,10.32,4.32,0.00,3.91,0.00,0.00,0.29,0.77
132,Baso Liban,1.00,Male,51,10,0,8,0.25,6.81,1.63,47.25,47,5713,3,2,30,1,0,Member,150,3450,175,2625,1,450,2600,108,16200,Recycled Seed Users,3.40,0.97,8.65,5.01,1.61,5.16,0.00,7.86,0.16,0.86
133,Baso Liban,0.80,Male,49,15,0,7,0.34,10.05,1.20,45,45,16108,1,2,30,3,12000,Member,150,3450,250,3750,1.5,675,0,121,18150,Recycled Seed Users,3.61,0.20,9.69,5.01,1.10,5.52,0.41,0.00,0.10,0.91
134,Baso Liban,0.92,Male,35,7,0,4,0.73,5.36,0.23,12,48,31738,6,2,30,1,0,Non-member,300,6900,150,2250,1,450,3500,99,14850,Fresh Seed User,3.87,-0.69,10.37,5.70,1.61,5.01,0.00,8.16,0.22,0.81
135,Baso Liban,0.18,Female,28,1,0,2,0.91,0.15,0.09,15.25,31,9225,14,0,5,0,0,Member,150,3450,50,750,0,0,0,40,6000,Recycled Seed Users,3.43,-0.71,9.13,5.01,0.69,3.91,0.00,0.00,0.90,0.44
136,Baso Liban,0.23,Male,40,7,0,5,0.61,5.14,0.11,15,30,33100,6,2,5,1,0,Non-member,300,6900,30,450,0,0,0,51,7650,Fresh Seed User,3.71,-0.59,10.41,5.70,0.00,3.40,0.00,0.00,0.24,0.80
137,Baso Liban,0.62,Male,49,19,0,7,0.33,11.97,1.09,55,44,23625,0,2,25,1,0,Non-member,150,3450,325,4875,1.25,562.5,0,96,14400,Fresh Seed User,3.66,0.34,10.07,5.01,1.10,5.78,0.22,0.00,0.08,0.93
138,Baso Liban,0.00,Male,39,6,5,5,0.64,4.45,0.00,14,28,15405,7,2,5,1,6000,Member,450,8100,25,375,0,0,0,29,4350,Recycled Seed Users,3.33,0.92,9.64,6.11,0.00,3.22,0.00,0.00,0.27,0.78
139,Baso Liban,0.60,Female,45,11,0,10,0.45,8.00,0.75,43,43,27850,1,2,20,2,10000,Non-member,200,4600,100,1500,1,450,0,92,13800,Fresh Seed User,3.76,0.00,10.23,5.30,1.61,4.61,0.00,0.00,0.12,0.89
140,Baso Liban,0.57,Female,43,10,0,6,0.50,6.60,0.57,40,40,23469,4,2,15,3,12000,Non-member,100,2300,200,3000,0.5,225,0,88,13200,Fresh Seed User,3.69,0.00,10.06,4.61,1.61,5.30,-0.69,0.00,0.16,0.86
141,Baso Liban,0.49,Female,40,8,8,5,0.58,5.65,0.36,31,41,26600,6,2,10,0,0,Non-member,125,2875,200,3000,1,450,0,77,11550,Fresh Seed User,3.71,-0.28,10.19,4.83,1.39,5.30,0.00,0.00,0.21,0.82
142,Baso Liban,0.36,Male,30,4,0,9,0.85,0.45,0.18,17,34,11975,9,1,10,1,0,Member,100,2300,50,750,0,0,0,64,9600,Recycled Seed Users,3.53,-0.69,9.39,4.61,1.10,3.91,0.00,0.00,0.48,0.65
143,Baso Liban,0.34,Male,24,2,6,1,0.95,0.06,0.09,9,36,18425,11,0,10,1,12000,Member,200,4600,75,1125,0,0,0,63,9450,Recycled Seed Users,3.58,-1.39,9.82,5.30,1.10,4.32,0.00,0.00,0.59,0.58
144,Baso Liban,0.89,Male,50,10,0,8,0.25,6.87,1.62,46,46,6328,2,2,30,1,10000,Member,150,3450,200,3000,1,450,0,95,14250,Recycled Seed Users,3.50,0.33,8.75,5.01,1.61,5.30,0.00,0.00,0.15,0.86
145,Baso Liban,0.40,Male,42,9,4,5,0.56,6.29,0.30,25.75,34,22025,5,2,10,4,0,Non-member,75,1725,100,1500,0.5,225,0,69,10350,Fresh Seed User,3.53,-0.28,10.00,4.32,0.00,4.61,-0.69,0.00,0.17,0.85
146,Baso Liban,0.50,Female,41,6,0,5,0.57,5.34,0.37,26.25,35,15288,7,2,10,1,6000,Member,100,2300,50,750,0.5,225,0,79,11850,Fresh Seed User,3.56,-0.29,9.63,4.61,1.10,3.91,-0.69,0.00,0.29,0.76
147,Baso Liban,1.00,Male,54,20,5,10,0.17,12.73,1.50,40,53,21025,0,2,30,2,0,Non-member,150,3450,150,2250,1,450,3200,127,19050,Recycled Seed Users,3.66,0.03,9.95,5.01,1.61,5.01,0.00,8.07,0.07,0.93
148,Baso Liban,0.52,Male,35,5,6,4,0.73,4.23,0.26,19.5,39,21500,7,2,10,1,12000,Non-member,100,2300,150,2250,0,0,0,82,12300,Recycled Seed Users,3.66,-0.69,9.98,4.61,1.61,5.01,0.00,0.00,0.32,0.74
149,Baso Liban,0.00,Male,49,45,0,13,0.33,20.72,0.00,6,24,35200,0,2,5,0,2500,Non-member,400,7200,25,375,0.25,112.5,0,31,4650,Fresh Seed User,3.71,0.81,10.47,5.99,0.00,3.22,-1.39,0.00,0.01,0.99
150,Baso Liban,0.41,Male,24,1,8,1,0.95,0.06,0.10,8.75,35,11813,13,0,10,0,0,Member,200,4600,50,750,0,0,0,70,10500,Fresh Seed User,3.56,-1.39,9.38,5.30,1.39,3.91,0.00,0.00,0.89,0.45
151,Baso Liban,0.86,Male,56,12,0,11,0.14,8.48,2.15,81,46,8680,1,2,30,2,0,Member,175,4025,200,3000,1,450,1600,128,19200,Recycled Seed Users,3.53,0.87,9.07,5.16,1.61,5.30,0.00,7.38,0.12,0.89
152,Baso Liban,0.23,Male,32,4,0,3,0.81,0.63,0.12,16,32,19150,9,1,5,1,6000,Non-member,300,6900,60,900,0,0,0,52,7800,Recycled Seed Users,3.47,-0.69,9.86,5.70,0.00,4.09,0.00,0.00,0.43,0.67
153,Baso Liban,0.37,Male,38,7,8,4,0.67,5.03,0.28,18,36,21350,6,2,10,1,0,Non-member,100,2300,50,750,0.25,112.5,0,66,9900,Recycled Seed Users,3.58,-0.69,9.97,4.61,1.10,3.91,-1.39,0.00,0.25,0.80
154,Baso Liban,0.42,Male,35,7,6,4,0.74,5.25,0.21,17,34,24350,6,2,10,0,8000,Non-member,100,2300,75,1125,0.25,112.5,0,71,10650,Fresh Seed User,3.64,-0.80,10.10,4.61,1.10,4.32,-1.39,0.00,0.24,0.80
155,Baso Liban,0.32,Male,30,2,0,3,0.85,0.66,0.16,16.75,34,12375,11,0,10,1,12000,Member,200,4600,75,1125,0,0,0,61,9150,Recycled Seed Users,3.53,-0.71,9.42,5.30,1.10,4.32,0.00,0.00,0.58,0.59
156,Baso Liban,0.00,Female,38,7,0,4,0.66,4.69,0.00,15,30,16778,7,2,5,1,800,Member,250,4500,25,375,0,0,0,33,4950,Recycled Seed Users,3.40,0.69,9.73,5.52,0.00,3.22,0.00,0.00,0.27,0.78
157,Baso Liban,0.42,Male,26,4,0,11,0.94,0.16,0.10,9,36,16175,9,0,10,1,0,Member,200,4600,100,1500,0,0,0,71,10650,Fresh Seed User,3.58,-1.39,9.69,5.30,1.10,4.61,0.00,0.00,0.50,0.63
158,Baso Liban,0.53,Female,43,8,0,5,0.53,5.75,0.53,29,39,23660,6,2,15,1,8000,Non-member,100,2300,100,1500,1,450,0,82,12300,Fresh Seed User,3.66,-0.30,10.07,4.61,1.39,4.61,0.00,0.00,0.20,0.83
159,Baso Liban,0.00,Male,50,45,0,13,0.32,20.35,0.00,13,26,33910,0,2,5,1,0,Non-member,350,6300,25,375,0,0,0,31,4650,Fresh Seed User,3.71,1.01,10.43,5.86,0.00,3.22,0.00,0.00,0.01,0.99
160,Baso Liban,0.53,Male,34,7,0,3,0.76,4.78,0.27,18,36,18770,6,2,15,3,0,Non-member,150,3450,50,750,0,0,0,83,12450,Recycled Seed Users,3.58,-0.69,9.84,5.01,1.10,3.91,0.00,0.00,0.26,0.79
161,Baso Liban,0.37,Male,32,5,0,3,0.80,1.70,0.23,17.75,36,15350,8,1,15,1,12000,Member,100,2300,75,1125,0,0,0,65,9750,Fresh Seed User,3.58,-0.71,9.64,4.61,1.39,4.32,0.00,0.00,0.36,0.72
162,Baso Liban,0.00,Male,43,9,0,5,0.53,5.94,0.00,8,32,28675,5,2,5,1,0,Non-member,200,3600,30,450,0.5,225,0,47,7050,Fresh Seed User,3.47,0.81,10.26,5.30,0.00,3.40,-0.69,0.00,0.18,0.85
163,Baso Liban,0.54,Male,40,10,0,5,0.58,6.60,0.40,29.5,39,20925,4,2,15,1,0,Non-member,100,2300,200,3000,1,450,0,83,12450,Recycled Seed Users,3.66,-0.28,9.95,4.61,1.61,5.30,0.00,0.00,0.16,0.86
164,Baso Liban,1.00,Female,68,36,0,12,0.06,19.75,2.75,97,49,33175,0,2,30,1,0,Non-member,175,4025,150,2250,1,450,2400,120,18000,Fresh Seed User,3.89,1.08,10.41,5.16,1.61,5.01,0.00,7.78,0.03,0.97
165,Baso Liban,0.47,Male,24,1,0,1,0.95,0.06,0.12,9,36,13425,14,0,15,0,15000,Member,200,4600,75,1125,0.25,112.5,0,76,11400,Recycled Seed Users,3.58,-1.39,9.50,5.30,1.39,4.32,-1.39,0.00,0.88,0.44
166,Baso Liban,0.61,Male,49,18,4,7,0.34,11.25,0.99,53,42,25150,1,2,20,2,7000,Non-member,50,1150,250,3750,1,450,0,94,14100,Fresh Seed User,3.74,-0.29,10.13,3.91,1.61,5.52,0.00,0.00,0.09,0.92
167,Baso Liban,0.00,Male,40,9,0,5,0.61,6.14,0.00,15.75,32,27050,5,2,5,0,0,Non-member,350,6300,35,525,0,0,0,34,5100,Recycled Seed Users,3.47,0.69,10.21,5.86,0.00,3.56,0.00,0.00,0.17,0.85
168,Baso Liban,0.51,Female,38,6,3,4,0.67,5.26,0.38,28,37,19996,7,2,20,1,12000,Non-member,100,2300,75,1125,1,450,0,81,12150,Recycled Seed Users,3.61,-0.28,9.90,4.61,1.39,4.32,0.00,0.00,0.29,0.76
169,Baso Liban,0.54,Male,43,13,0,6,0.51,9.08,0.54,30,40,24513,1,2,20,1,12000,Non-member,100,2300,200,3000,0.5,225,0,83,12450,Fresh Seed User,3.69,-0.29,10.11,4.61,1.39,5.30,-0.69,0.00,0.11,0.90
170,Baso Liban,0.00,Male,39,7,0,4,0.65,5.18,0.00,7,28,16525,6,2,5,1,0,Member,450,8100,25,375,0,0,0,29,4350,Recycled Seed Users,3.33,0.92,9.71,6.11,0.00,3.22,0.00,0.00,0.24,0.80
171,Baso Liban,0.00,Male,42,9,0,5,0.55,6.35,0.00,15,30,21700,5,2,5,1,5000,Non-member,250,4500,40,600,0,0,0,30,4500,Recycled Seed Users,3.40,1.01,9.99,5.52,0.00,3.69,0.00,0.00,0.17,0.85
172,Baso Liban,0.00,Male,40,7,0,5,0.59,5.13,0.00,8,32,26350,6,2,5,1,15000,Non-member,350,6300,40,600,0,0,0,41,6150,Recycled Seed Users,3.47,0.69,10.18,5.86,0.00,3.69,0.00,0.00,0.24,0.80
173,Baso Liban,0.60,Male,38,9,0,4,0.66,5.87,0.30,19,38,19400,5,2,20,1,0,Non-member,150,3450,200,3000,0,0,0,92,13800,Recycled Seed Users,3.64,-0.27,9.87,5.01,1.39,5.30,0.00,0.00,0.19,0.84
174,Baso Liban,0.00,Male,42,10,6,5,0.55,5.86,0.00,8,32,28038,5,2,5,1,12000,Non-member,450,8100,35,525,0,0,0,47,7050,Recycled Seed Users,3.47,0.92,10.24,6.11,0.00,3.56,0.00,0.00,0.19,0.84
175,Baso Liban,0.00,Male,50,47,0,14,0.30,21.00,0.00,7.5,30,34450,0,2,5,1,8000,Non-member,300,5400,40,600,0,0,0,33,4950,Fresh Seed User,3.74,0.81,10.45,5.70,0.00,3.69,0.00,0.00,0.01,0.99
176,Baso Liban,0.61,Male,26,3,5,13,0.93,0.08,0.15,9.5,38,14525,9,0,20,1,0,Member,200,4600,200,3000,0,0,0,94,14100,Recycled Seed Users,3.64,-1.39,9.58,5.30,1.39,5.30,0.00,0.00,0.51,0.63
177,Baso Liban,0.45,Male,35,7,0,4,0.76,4.84,0.22,18.25,37,19350,6,2,15,2,12000,Non-member,200,4600,100,1500,0.5,225,0,73,10950,Recycled Seed Users,3.61,-0.71,9.87,5.30,1.39,4.61,-0.69,0.00,0.25,0.79
178,Baso Liban,0.74,Male,52,14,2,9,0.22,9.33,1.65,72.5,48,11450,1,2,30,3,0,Member,175,4025,150,2250,1.5,675,0,112,16800,Recycled Seed Users,3.50,0.69,9.35,5.16,1.61,5.01,0.41,0.00,0.11,0.90
179,Baso Liban,0.63,Male,50,22,0,8,0.27,17.22,1.02,55,44,30875,0,2,30,3,0,Non-member,150,3450,125,1875,1.25,562.5,0,97,14550,Fresh Seed User,3.78,0.64,10.34,5.01,1.39,4.83,0.22,0.00,0.05,0.96
180,Baso Liban,0.47,Male,35,5,4,4,0.74,4.39,0.24,18.5,37,18713,7,2,15,1,12000,Non-member,100,2300,200,3000,0.5,225,0,76,11400,Recycled Seed Users,3.61,-0.69,9.84,4.61,1.10,5.30,-0.69,0.00,0.32,0.74
181,Baso Liban,0.76,Male,38,10,0,4,0.65,6.60,0.38,20,40,22050,4,2,20,1,0,Non-member,150,3450,115,1725,0.5,225,0,116,17400,Recycled Seed Users,3.69,-0.69,10.00,5.01,1.39,4.74,-0.69,0.00,0.16,0.86
182,Baso Liban,0.40,Male,38,7,0,4,0.66,4.73,0.40,26,35,14813,6,2,10,1,8000,Member,75,1725,80,1200,0.5,225,0,68,10200,Recycled Seed Users,3.56,-0.30,9.60,4.32,1.10,4.38,-0.69,0.00,0.26,0.78
183,Baso Liban,0.15,Male,39,6,5,5,0.63,4.81,0.08,16,32,33700,7,2,5,1,12000,Non-member,450,10350,45,675,0,0,0,37,5550,Fresh Seed User,3.81,-0.66,10.43,6.11,0.69,3.81,0.00,0.00,0.30,0.75
184,Baso Liban,0.62,Male,46,15,0,6,0.44,9.98,0.77,43.5,44,28375,1,2,25,2,8000,Non-member,150,3450,175,2625,1,450,0,96,14400,Fresh Seed User,3.78,-0.69,10.25,5.01,1.39,5.16,0.00,0.00,0.10,0.91
185,Baso Liban,0.67,Male,36,6,0,4,0.71,4.50,0.34,18.25,37,19825,7,2,10,1,0,Non-member,150,3450,50,750,0.5,225,0,104,15600,Recycled Seed Users,3.61,-0.71,9.89,5.01,1.39,3.91,-0.69,0.00,0.27,0.78
186,Baso Liban,0.00,Male,42,10,0,5,0.56,6.95,0.00,15.75,32,22675,2,2,5,1,0,Non-member,150,2700,25,375,0.5,225,0,36,5400,Recycled Seed Users,3.47,0.69,10.03,5.01,0.69,3.22,-0.69,0.00,0.15,0.87
187,Baso Liban,0.65,Male,50,15,0,7,0.28,9.71,1.21,56,45,29025,1,2,30,2,12000,Non-member,250,5750,300,4500,1,450,0,100,15000,Fresh Seed User,3.81,-0.29,10.28,5.52,1.39,5.70,0.00,0.00,0.10,0.91
188,Baso Liban,0.00,Male,43,10,0,5,0.52,7.33,0.00,6.5,26,32994,1,2,5,1,1000,Non-member,450,8100,25,375,0,0,0,31,4650,Fresh Seed User,3.61,0.92,10.40,6.11,0.00,3.22,0.00,0.00,0.14,0.87
189,Baso Liban,0.87,Male,44,13,0,9,0.50,8.75,0.55,28,45,28875,1,2,25,1,0,Non-member,125,2875,343.75,5155,0.75,337.5,0,93,13950,Fresh Seed User,3.81,-0.04,10.27,4.83,1.39,5.84,-0.29,0.00,0.11,0.90
190,Baso Liban,0.00,Male,40,12,5,5,0.61,5.50,0.00,7.75,31,19450,6,2,5,0,0,Non-member,450,8100,38,570,0,0,0,49,7350,Recycled Seed Users,3.43,0.69,9.88,6.11,0.69,3.64,0.00,0.00,0.21,0.82
191,Baso Liban,0.55,Male,44,15,0,6,0.50,9.40,0.55,30.5,41,28260,1,2,20,3,0,Non-member,175,4025,100,1500,0.5,225,0,84,12600,Fresh Seed User,3.71,-0.30,10.25,5.16,1.39,4.61,-0.69,0.00,0.10,0.91
192,Baso Liban,0.63,Male,28,5,0,2,0.89,1.35,0.16,10,40,21275,8,1,20,1,15000,Non-member,200,4600,300,4500,0,0,0,98,14700,Recycled Seed Users,3.69,-1.39,9.97,5.30,1.39,5.70,0.00,0.00,0.38,0.70
193,Baso Liban,0.62,Male,45,11,0,6,0.47,7.65,0.78,42.25,42,24925,1,2,20,2,15000,Non-member,225,5175,300,4500,0.5,225,0,96,14400,Fresh Seed User,3.74,-0.69,10.12,5.42,1.61,5.70,-0.69,0.00,0.13,0.89
194,Baso Liban,0.87,Male,58,16,0,11,0.13,10.78,2.07,95,48,5743,1,2,30,3,0,Member,100,2300,175,2625,0.75,337.5,2400,130,19500,Recycled Seed Users,3.40,1.15,8.66,4.61,1.61,5.16,-0.29,7.78,0.09,0.92
195,Baso Liban,0.78,Male,45,18,0,6,0.48,11.57,0.58,22,44,27650,1,2,25,1,0,Non-member,150,3450,250,3750,0.5,225,0,118,17700,Fresh Seed User,3.78,-0.29,10.23,5.01,1.61,5.52,-0.69,0.00,0.08,0.93
196,Baso Liban,0.55,Male,30,6,0,3,0.84,0.67,0.14,9,36,28000,7,2,10,0,7500,Non-member,200,4600,100,1500,0.25,112.5,0,84,12600,Fresh Seed User,3.71,-1.52,10.24,5.30,1.10,4.61,-1.39,0.00,0.28,0.77
197,Baso Liban,0.35,Male,20,0,0,1,1.00,0.00,0.04,4,32,8950,19,0,5,1,0,Member,400,9200,70,1050,0,0,0,64,9600,Recycled Seed Users,3.47,-2.08,9.10,5.99,0.69,4.25,0.00,0.00,1.61,0.22
198,Baso Liban,0.00,Male,38,6,0,4,0.67,4.75,0.00,7,28,14750,7,2,5,0,0,Member,300,5400,25,375,0,0,0,30,4500,Recycled Seed Users,3.33,0.69,9.60,5.70,0.00,3.22,0.00,0.00,0.28,0.78
199,Baso Liban,0.00,Male,43,9,4,5,0.54,5.88,0.00,6,24,31910,5,2,5,0,0,Non-member,350,6300,25,375,0,0,0,26,3900,Fresh Seed User,3.56,0.92,10.37,5.86,0.00,3.22,0.00,0.00,0.18,0.84
200,Baso Liban,0.49,Male,23,1,0,1,0.96,0.05,0.12,8,32,8775,16,0,5,1,0,Member,200,4600,70,1050,0,0,0,78,11700,Recycled Seed Users,3.47,-1.39,9.08,5.30,0.69,4.25,0.00,0.00,1.15,0.35
201,Baso Liban,0.58,Male,36,7,3,4,0.71,4.84,0.29,19,38,19275,6,2,10,2,0,Non-member,150,3450,200,3000,0.5,225,0,89,13350,Recycled Seed Users,3.64,-0.69,9.87,5.01,1.39,5.30,-0.69,0.00,0.25,0.79
202,Baso Liban,0.51,Male,28,2,6,2,0.89,0.23,0.25,16,32,9775,13,0,5,2,0,Member,200,4600,70,1050,0,0,0,80,12000,Recycled Seed Users,3.47,-0.69,9.19,5.30,0.69,4.25,0.00,0.00,0.75,0.51
203,Baso Liban,0.46,Male,30,2,0,3,0.87,0.45,0.23,17,34,13680,11,0,5,1,8000,Member,150,3450,50,750,0,0,0,74,11100,Recycled Seed Users,3.53,-0.69,9.52,5.01,0.69,3.91,0.00,0.00,0.62,0.57
204,Baso Liban,0.33,Male,34,6,0,3,0.77,1.95,0.16,18,36,20900,7,2,5,2,0,Non-member,200,4600,75,1125,0.5,225,0,62,9300,Recycled Seed Users,3.58,-0.69,9.95,5.30,1.10,4.32,-0.69,0.00,0.29,0.77
205,Baso Liban,0.00,Male,40,9,0,5,0.60,6.04,0.00,15.75,32,23975,5,2,5,2,600,Non-member,450,8100,25,375,0.5,225,0,39,5850,Recycled Seed Users,3.47,0.69,10.08,6.11,0.69,3.22,-0.69,0.00,0.17,0.85
206,Baso Liban,0.49,Male,32,5,6,3,0.80,1.60,0.24,17.75,36,16475,8,1,5,2,0,Member,200,4600,100,1500,0,0,0,77,11550,Fresh Seed User,3.58,-0.71,9.71,5.30,1.10,4.61,0.00,0.00,0.37,0.71
207,Baso Liban,0.73,Male,43,9,0,6,0.50,5.93,0.73,29.5,39,16651,5,2,15,2,10000,Member,150,3450,250,3750,0.5,225,0,89,13350,Recycled Seed Users,3.66,-0.28,9.72,5.01,1.61,5.52,-0.69,0.00,0.18,0.85
208,Baso Liban,0.69,Male,39,6,6,4,0.65,4.73,0.52,27,36,13620,7,2,10,1,0,Member,125,2875,125,1875,1,450,0,107,16050,Fresh Seed User,3.58,-0.29,9.52,4.83,1.10,4.83,0.00,0.00,0.31,0.75
209,Baso Liban,0.97,Male,52,21,0,9,0.21,15.04,1.45,60,48,32450,0,2,30,1,15000,Non-member,150,3450,150,2250,1,450,4800,117,17550,Fresh Seed User,3.87,0.57,10.39,5.01,1.61,5.01,0.00,8.48,0.06,0.94
210,Baso Liban,0.70,Male,38,8,0,4,0.66,5.69,0.35,20,40,23425,6,2,10,1,0,Non-member,200,4600,150,2250,0.5,225,0,108,16200,Fresh Seed User,3.69,-0.69,10.06,5.30,1.39,5.01,-0.69,0.00,0.21,0.82
211,Baso Liban,0.70,Male,35,5,0,4,0.74,3.75,0.35,19,38,13225,7,1,10,1,0,Member,150,3450,300,4500,1,450,0,108,16200,Recycled Seed Users,3.64,-0.69,9.49,5.01,1.39,5.70,0.00,0.00,0.33,0.74
212,Baso Liban,0.77,Male,43,10,0,6,0.51,7.23,0.58,30.25,40,22775,1,2,15,1,0,Non-member,150,3450,100,1500,0.5,225,0,117,17550,Recycled Seed Users,3.69,-0.28,10.03,5.01,1.39,4.61,-0.69,0.00,0.14,0.87
213,Baso Liban,0.81,Male,46,15,0,6,0.43,10.03,0.81,41.75,42,25750,1,2,25,2,0,Non-member,200,4600,150,2250,1,450,0,123,18450,Fresh Seed User,3.74,0.00,10.16,5.30,1.39,5.01,0.00,0.00,0.10,0.91
214,Baso Liban,0.51,Male,39,6,0,5,0.63,4.78,0.38,26,35,12750,7,2,10,0,0,Member,300,6900,150,2250,0,0,0,81,12150,Recycled Seed Users,3.56,-0.30,9.45,5.70,1.10,5.01,0.00,0.00,0.31,0.75
215,Baso Liban,0.57,Male,48,15,0,7,0.37,10.23,0.86,43.25,43,28075,1,2,15,1,0,Non-member,200,4600,100,1500,1,450,0,89,13350,Fresh Seed User,3.76,-0.29,10.24,5.30,1.61,4.61,0.00,0.00,0.09,0.91
216,Baso Liban,0.84,Male,54,35,0,15,0.17,18.60,1.46,45,45,30425,0,2,30,4,0,Non-member,150,3450,150,2250,1,450,1000,125,18750,Fresh Seed User,3.81,0.00,10.32,5.01,1.39,5.01,0.00,6.91,0.03,0.97
217,Baso Liban,0.00,Male,40,10,0,5,0.57,6.63,0.00,16.5,33,25025,4,2,5,1,8000,Non-member,350,6300,75,1125,0.5,225,0,48,7200,Recycled Seed Users,3.50,0.69,10.13,5.86,0.69,4.32,-0.69,0.00,0.16,0.86
218,Baso Liban,0.28,Male,40,8,0,5,0.60,5.65,0.21,26,35,20575,6,2,5,0,0,Non-member,150,3450,50,750,0.25,112.5,0,57,8550,Recycled Seed Users,3.56,-0.30,9.93,5.01,1.10,3.91,-1.39,0.00,0.21,0.82
219,Baso Liban,0.19,Male,39,8,0,5,0.62,5.66,0.10,15,30,15580,6,2,5,1,0,Member,300,6900,40,600,0.25,112.5,0,45,6750,Recycled Seed Users,3.40,0.56,9.65,5.70,0.00,3.69,-1.39,0.00,0.21,0.82
220,Baso Liban,1.00,Male,77,45,0,13,0.04,20.25,3.38,121,48,32770,0,2,30,4,0,Non-member,150,3450,150,2250,1.25,562.5,1500,117,17550,Fresh Seed User,3.87,1.21,10.40,5.01,1.61,5.01,0.22,7.31,0.01,0.99
221,Baso Liban,0.00,Female,40,8,0,5,0.59,5.43,0.00,14.25,29,19400,6,2,5,1,0,Non-member,150,2700,25,375,0,0,0,35,5250,Recycled Seed Users,3.37,0.92,9.87,5.01,0.00,3.22,0.00,0.00,0.22,0.82
222,Baso Liban,0.68,Male,51,10,0,8,0.25,6.76,1.54,68,45,8465,3,2,5,2,0,Member,200,4600,200,3000,1,450,0,106,15900,Recycled Seed Users,3.53,0.69,9.04,5.30,1.61,5.30,0.00,0.00,0.16,0.86
223,Baso Liban,0.79,Male,44,17,0,6,0.50,11.14,0.59,31.5,42,25575,1,2,25,1,0,Non-member,225,5175,100,1500,0.75,337.5,0,120,18000,Fresh Seed User,3.74,-0.29,10.15,5.42,1.61,4.61,-0.29,0.00,0.09,0.92
224,Baso Liban,0.74,Male,49,20,0,7,0.35,14.42,0.93,53,42,25838,0,2,20,3,8000,Non-member,225,5175,100,1500,1,450,0,113,16950,Fresh Seed User,3.74,0.00,10.16,5.42,1.61,4.61,0.00,0.00,0.07,0.94
225,Baso Liban,0.67,Male,30,2,6,3,0.87,0.48,0.33,16.25,33,10850,12,0,5,2,0,Member,100,2300,50,750,0,0,0,104,15600,Fresh Seed User,3.50,-0.71,9.29,4.61,0.69,3.91,0.00,0.00,0.70,0.53
226,Baso Liban,0.50,Male,34,5,0,3,0.78,1.45,0.25,18,36,18450,8,1,5,1,6000,Member,100,2300,50,750,1,450,0,79,11850,Recycled Seed Users,3.58,-0.69,9.82,4.61,1.10,3.91,0.00,0.00,0.39,0.70
227,Baso Liban,0.71,Male,53,22,0,9,0.19,15.12,1.51,66,44,28650,0,2,30,2,7000,Non-member,125,2875,100,1500,1.5,675,0,109,16350,Fresh Seed User,3.78,-0.29,10.26,4.83,1.61,4.61,0.41,0.00,0.05,0.95
228,Baso Liban,0.31,Female,30,3,0,3,0.87,0.53,0.15,17,34,19575,11,0,5,1,6000,Non-member,200,4600,50,750,0,0,0,60,9000,Recycled Seed Users,3.53,-0.69,9.88,5.30,0.69,3.91,0.00,0.00,0.56,0.60
229,Baso Liban,0.67,Male,30,2,3,3,0.85,0.59,0.34,17.5,35,10975,11,0,10,1,6000,Member,200,4600,100,1500,0,0,0,104,15600,Recycled Seed Users,3.56,-0.69,9.30,5.30,1.10,4.61,0.00,0.00,0.62,0.57
230,Baso Liban,0.74,Male,45,19,6,6,0.45,5.94,0.74,28,37,28250,5,2,10,2,6000,Non-member,150,3450,50,750,0,0,0,97,14550,Fresh Seed User,3.76,-0.69,10.25,5.01,1.39,3.91,0.00,0.00,0.18,0.85
231,Baso Liban,0.49,Male,47,11,0,7,0.40,7.62,0.86,41,41,29150,1,2,15,2,7000,Non-member,150,3450,100,1500,1,450,0,78,11700,Fresh Seed User,3.71,0.00,10.28,5.01,1.10,4.61,0.00,0.00,0.13,0.89
232,Baso Liban,0.66,Male,38,8,10,4,0.67,1.30,0.49,27,36,13650,8,1,10,1,10000,Member,150,3450,150,2250,0.25,112.5,0,103,15450,Recycled Seed Users,3.58,-0.29,9.52,5.01,1.10,5.01,-1.39,0.00,0.39,0.70
233,Baso Liban,0.81,Male,50,7,0,7,0.28,4.73,1.31,45,45,30190,6,2,30,2,15000,Non-member,150,3450,150,2250,1,450,0,122,18300,Fresh Seed User,3.81,0.00,10.32,5.01,1.10,5.01,0.00,0.00,0.26,0.78
234,Baso Liban,0.65,Male,43,9,0,6,0.51,6.45,0.81,56,45,8675,5,2,30,3,0,Member,225,5175,200,3000,1.25,562.5,0,101,15150,Recycled Seed Users,3.50,0.53,9.07,5.42,1.39,5.30,0.22,0.00,0.17,0.86
235,Baso Liban,0.88,Male,55,24,0,10,0.17,18.00,1.54,69,46,30600,0,2,30,3,0,Non-member,175,4025,175,2625,1.5,675,1600,94,14100,Fresh Seed User,3.83,0.00,10.33,5.16,1.61,5.16,0.41,7.38,0.04,0.96
236,Baso Liban,0.85,Male,51,10,0,9,0.24,7.00,1.69,70,47,7055,1,2,30,2,8000,Member,150,3450,150,2250,1,450,1600,126,18900,Recycled Seed Users,3.47,0.78,8.86,5.01,1.61,5.01,0.00,7.38,0.15,0.87
237,Baso Liban,0.54,Male,36,7,0,4,0.72,5.00,0.27,18.5,37,20425,6,2,10,1,6000,Non-member,150,3450,150,2250,0.25,112.5,0,84,12600,Recycled Seed Users,3.61,-0.69,9.92,5.01,1.10,5.01,-1.39,0.00,0.25,0.79
238,Baso Liban,0.80,Male,46,13,0,6,0.42,8.83,0.80,40.5,41,25475,1,2,15,3,0,Non-member,200,4600,150,2250,1,450,0,121,18150,Fresh Seed User,3.71,-0.01,10.15,5.30,1.10,5.01,0.00,0.00,0.11,0.90
239,Baso Liban,0.56,Male,44,10,0,6,0.49,6.70,0.56,33,33,28900,4,2,10,2,8000,Non-member,50,1150,30,450,0,0,0,87,13050,Fresh Seed User,3.66,-0.17,10.27,3.91,0.69,3.40,0.00,0.00,0.16,0.86
240,Baso Liban,0.41,Male,37,9,3,4,0.69,6.25,0.20,20,40,27250,5,2,15,2,0,Non-member,200,4600,120,1800,0,0,0,70,10500,Fresh Seed User,3.69,-0.69,10.21,5.30,1.39,4.79,0.00,0.00,0.17,0.85
241,Baso Liban,0.66,Male,49,11,0,7,0.35,7.98,0.98,52,42,26800,1,2,20,3,20000,Non-member,75,1725,150,2250,0.5,225,0,102,15300,Fresh Seed User,3.74,-0.69,10.20,4.32,1.39,5.01,-0.69,0.00,0.12,0.89
242,Baso Liban,0.69,Female,36,5,0,4,0.70,4.34,0.35,19.25,39,23725,7,2,10,2,8000,Non-member,200,4600,50,750,0.375,168.75,0,107,16050,Fresh Seed User,3.66,-0.71,10.07,5.30,1.39,3.91,-0.98,0.00,0.32,0.74
243,Baso Liban,0.00,Male,37,4,6,9,0.69,1.10,0.00,13,26,8875,8,1,5,0,3000,Member,250,4500,25,375,0,0,0,29,4350,Recycled Seed Users,3.26,0.69,9.09,5.52,0.50,3.22,0.00,0.00,0.42,0.68
244,Baso Liban,0.79,Male,50,14,0,7,0.32,9.23,1.09,43.25,43,28250,1,2,25,2,6000,Non-member,75,1725,100,1500,1,450,0,120,18000,Fresh Seed User,3.76,-0.69,10.25,4.32,1.10,4.61,0.00,0.00,0.11,0.90
245,Baso Liban,0.70,Male,34,5,0,11,0.77,1.25,0.35,18.25,37,13600,8,1,10,1,0,Member,150,3450,100,1500,0.5,225,0,86,12900,Recycled Seed Users,3.61,-0.71,9.52,5.01,1.39,4.61,-0.69,0.00,0.40,0.70
246,Baso Liban,1.00,Male,58,28,0,11,0.13,18.00,1.75,71,47,30575,0,2,30,4,0,Non-member,150,3450,175,2625,1,450,1800,105,15750,Fresh Seed User,3.85,-0.69,10.33,5.01,1.61,5.16,0.00,7.50,0.04,0.96
247,Baso Liban,0.50,Male,28,1,8,2,0.90,0.15,0.25,16,32,10225,13,0,5,1,6000,Member,200,4600,50,750,0,0,0,78,11700,Recycled Seed Users,3.47,-0.69,9.23,5.30,0.69,3.91,0.00,0.00,0.86,0.46
248,Baso Liban,0.76,Male,52,19,0,9,0.23,12.19,1.34,67.5,45,29088,0,2,30,3,0,Non-member,200,4600,138,2070,1.5,675,0,116,17400,Fresh Seed User,3.81,-0.69,10.28,5.30,1.39,4.93,0.41,0.00,0.08,0.93
249,Baso Liban,0.89,Male,47,10,0,7,0.40,7.06,0.89,40,40,24275,1,2,10,1,7000,Non-member,150,3450,100,1500,1,450,1230,95,14250,Fresh Seed User,3.69,0.00,10.10,5.01,1.39,4.61,0.00,7.11,0.15,0.87
250,Baso Liban,0.67,Male,43,6,6,5,0.55,6.25,0.67,27,36,15155,7,2,10,1,0,Member,200,4600,100,1500,0.75,337.5,0,104,15600,Recycled Seed Users,3.58,-0.29,9.63,5.30,1.10,4.61,-0.29,0.00,0.29,0.77
251,Baso Liban,0.83,Male,51,18,0,8,0.25,11.33,1.25,57,46,31325,1,2,30,2,7000,Non-member,200,4600,200,3000,1,450,900,125,18750,Fresh Seed User,3.83,0.58,10.35,5.30,1.39,5.30,0.00,6.80,0.08,0.92
252,Baso Liban,0.00,Male,37,5,4,4,0.69,1.50,0.00,34,27,10450,8,1,5,1,0,Member,150,2700,25,375,0,0,0,32,4800,Recycled Seed Users,3.30,0.69,9.25,5.01,0.00,3.22,0.00,0.00,0.38,0.71
253,Baso Liban,0.95,Male,60,11,0,11,0.12,7.54,2.39,47.25,47,6778,1,2,30,2,8000,Member,150,3450,175,2625,1,450,3800,104,15600,Recycled Seed Users,3.43,0.42,8.82,5.01,1.10,5.16,0.00,8.24,0.13,0.88
254,Baso Liban,0.74,Male,39,5,0,4,0.65,2.00,0.56,28,37,11730,8,1,10,1,8000,Member,150,3450,180,2700,0.5,225,0,98,14700,Fresh Seed User,3.61,-0.28,9.37,5.01,1.39,5.19,-0.69,0.00,0.35,0.73
255,Baso Liban,0.64,Male,31,3,4,3,0.82,0.12,0.32,17.75,36,9400,9,0,10,3,400,Member,150,3450,350,5250,0,0,0,98,14700,Recycled Seed Users,3.58,-0.71,9.15,5.01,1.10,5.86,0.00,0.00,0.51,0.63
256,Baso Liban,0.79,Male,50,15,8,7,0.29,9.60,1.18,50,40,20725,1,2,15,4,0,Non-member,150,3450,250,3750,1,450,0,120,18000,Recycled Seed Users,3.69,0.22,9.94,5.01,1.39,5.52,0.00,0.00,0.10,0.91
257,Baso Liban,0.83,Female,45,8,3,6,0.47,5.75,0.83,41,41,22900,6,2,15,1,0,Non-member,200,4600,200,3000,1,450,0,125,18750,Recycled Seed Users,3.71,-0.70,10.04,5.30,1.61,5.30,0.00,0.00,0.20,0.83
258,Baso Liban,0.68,Male,39,5,3,5,0.64,4.45,0.51,33,44,7400,7,2,20,2,10000,Member,125,2875,200,3000,1,450,0,105,15750,Recycled Seed Users,3.50,0.22,8.91,4.83,1.39,5.30,0.00,0.00,0.32,0.75
259,Baso Liban,0.59,Male,35,8,6,4,0.74,5.70,0.30,18.5,37,17600,6,2,25,1,7000,Member,150,3450,200,3000,0.75,337.5,0,91,13650,Recycled Seed Users,3.61,-0.69,9.78,5.01,1.10,5.30,-0.29,0.00,0.21,0.82
260,Baso Liban,0.81,Male,35,6,7,4,0.76,2.00,0.41,19,38,12100,7,2,30,1,7000,Member,150,3450,150,2250,0.25,112.5,0,123,18450,Recycled Seed Users,3.64,-0.69,9.40,5.01,1.39,5.01,-1.39,0.00,0.29,0.77
261,Baso Liban,0.00,Female,37,5,0,4,0.69,1.50,0.00,7,28,14990,8,1,5,0,6000,Member,450,8100,25,375,0,0,0,33,4950,Recycled Seed Users,3.33,0.69,9.62,6.11,0.00,3.22,0.00,0.00,0.38,0.70
262,Baso Liban,0.48,Female,23,0,4,1,0.96,0.05,0.24,8,32,11530,16,0,5,1,7000,Member,200,4600,70,1050,0,0,0,77,11550,Recycled Seed Users,3.47,-1.39,9.35,5.30,0.00,4.25,0.00,0.00,1.31,0.30
263,Baso Liban,0.70,Male,39,10,0,4,0.65,7.15,0.35,17,34,27425,1,2,20,2,5000,Non-member,200,4600,100,1500,0,0,0,109,16350,Fresh Seed User,3.71,-0.88,10.22,5.30,1.10,4.61,0.00,0.00,0.15,0.87
264,Baso Liban,0.74,Male,50,21,0,7,0.31,15.00,1.02,51,41,26425,0,2,25,3,0,Non-member,100,2300,100,1500,1,450,0,113,16950,Fresh Seed User,3.71,0.22,10.18,4.61,1.39,4.61,0.00,0.00,0.06,0.94
265,Baso Liban,0.61,Male,35,8,7,4,0.74,5.68,0.31,19,38,17370,6,2,25,1,0,Member,150,3450,200,3000,0,0,0,94,14100,Recycled Seed Users,3.64,-0.69,9.76,5.01,1.39,5.30,0.00,0.00,0.21,0.82
266,Baso Liban,0.30,Male,26,2,4,2,0.93,0.08,0.15,15.25,31,9775,12,0,25,2,5000,Member,400,9200,50,750,0,0,0,59,8850,Recycled Seed Users,3.43,-0.71,9.19,5.99,0.69,3.91,0.00,0.00,0.66,0.55
267,Baso Liban,0.76,Male,30,4,6,3,0.84,0.48,0.38,18,36,10640,9,1,30,1,0,Member,150,3450,150,2250,0,0,0,89,13350,Recycled Seed Users,3.58,-0.69,9.27,5.01,1.10,5.01,0.00,0.00,0.46,0.66
268,Baso Liban,0.27,Male,30,4,0,3,0.87,0.36,0.14,16,32,19713,9,0,5,1,7000,Non-member,300,6900,35,525,0,0,0,57,8550,Recycled Seed Users,3.47,-0.69,9.89,5.70,0.00,3.56,0.00,0.00,0.48,0.64
269,Baso Liban,0.19,Male,28,2,6,2,0.92,0.14,0.09,15,30,11650,13,0,5,1,7000,Member,450,10350,40,600,0.5,225,0,43,6450,Recycled Seed Users,3.40,-0.69,9.36,6.11,0.00,3.69,-0.69,0.00,0.81,0.48
270,Baso Liban,0.59,Male,24,2,7,1,0.95,0.06,0.15,9,36,11620,13,0,25,0,5000,Member,200,4600,200,3000,0,0,0,91,13650,Recycled Seed Users,3.58,-1.39,9.36,5.30,1.10,5.30,0.00,0.00,0.75,0.51
271,Baso Liban,0.58,Male,43,11,0,5,0.52,7.85,0.58,39,39,21000,1,2,30,2,8000,Non-member,175,4025,250,3750,1,450,0,90,13500,Recycled Seed Users,3.66,-0.35,9.95,5.16,1.61,5.52,0.00,0.00,0.12,0.89
272,Baso Liban,0.76,Male,34,5,8,3,0.76,4.28,0.38,19,38,13138,7,2,20,1,0,Member,150,3450,175,2625,0,0,0,115,17250,Recycled Seed Users,3.64,-0.69,9.48,5.01,1.39,5.16,0.00,0.00,0.33,0.74
273,Baso Liban,0.66,Male,32,5,7,3,0.81,1.60,0.33,18,36,17875,8,1,15,1,8000,Member,350,8050,50,750,0.5,225,0,102,15300,Recycled Seed Users,3.58,-0.69,9.79,5.86,1.10,3.91,-0.69,0.00,0.37,0.71
274,Baso Liban,0.00,Male,38,6,7,4,0.67,5.29,0.00,14.5,29,15280,7,2,5,1,6000,Member,300,5400,25,375,0,0,0,37,5550,Recycled Seed Users,3.37,0.69,9.63,5.70,0.00,3.22,0.00,0.00,0.29,0.76
275,Baso Liban,0.76,Male,30,4,5,8,0.84,0.93,0.38,18,36,11455,8,1,25,1,0,Member,250,5750,100,1500,0.5,225,0,90,13500,Fresh Seed User,3.58,-0.69,9.35,5.52,1.10,4.61,-0.69,0.00,0.42,0.68
276,Baso Liban,0.70,Male,26,2,6,1,0.94,0.08,0.18,9.25,37,10995,12,0,20,2,8000,Member,200,4600,200,3000,0.25,112.5,0,109,16350,Fresh Seed User,3.61,-1.39,9.31,5.30,1.39,5.30,-1.39,0.00,0.67,0.54
277,Baso Liban,0.00,Male,40,9,7,5,0.58,6.42,0.00,8,32,25325,5,2,5,0,5000,Non-member,450,8100,50,750,0,0,0,46,6900,Recycled Seed Users,3.47,0.92,10.14,6.11,0.00,3.91,0.00,0.00,0.17,0.85
278,Baso Liban,0.69,Male,50,11,0,7,0.32,7.77,1.38,69,46,9065,1,2,30,4,0,Member,100,2300,175,2625,1.5,675,0,107,16050,Recycled Seed Users,3.47,0.81,9.11,4.61,1.61,5.16,0.41,0.00,0.13,0.89
279,Baso Liban,0.83,Male,45,8,0,6,0.46,5.82,1.14,56,45,7138,5,2,25,1,5000,Member,200,4600,250,3750,1,450,0,124,18600,Recycled Seed Users,3.50,0.53,8.87,5.30,1.39,5.52,0.00,0.00,0.19,0.84
280,Baso Liban,0.59,Male,38,8,3,4,0.67,5.61,0.37,19.25,39,22025,6,2,15,1,8500,Non-member,150,3450,200,3000,0.5,225,0,91,13650,Fresh Seed User,3.66,-0.71,10.00,5.01,1.39,5.30,-0.69,0.00,0.21,0.82
281,Baso Liban,0.27,Male,35,7,0,4,0.73,4.79,0.20,25,33,23675,6,2,10,1,5000,Non-member,400,9200,50,750,0,0,0,57,8550,Recycled Seed Users,3.50,-0.28,10.07,5.99,0.00,3.91,0.00,0.00,0.26,0.79
282,Baso Liban,0.75,Male,35,7,8,4,0.72,4.75,0.37,19,38,19670,6,2,20,2,5000,Non-member,150,3450,100,1500,0.5,225,0,99,14850,Recycled Seed Users,3.64,-0.69,9.89,5.01,1.39,4.61,-0.69,0.00,0.26,0.78
283,Baso Liban,0.61,Male,39,7,4,4,0.65,5.37,0.46,27,36,17025,6,2,15,1,0,Member,225,5175,100,1500,0.5,225,0,94,14100,Recycled Seed Users,3.58,-0.29,9.74,5.42,1.10,4.61,-0.69,0.00,0.22,0.81
284,Baso Liban,0.81,Male,51,20,0,8,0.25,14.32,1.22,43.5,44,28825,0,2,30,4,0,Non-member,125,2875,125,1875,1.5,675,0,123,18450,Fresh Seed User,3.78,0.00,10.27,4.83,1.39,4.83,0.41,0.00,0.07,0.94
285,Baso Liban,0.62,Female,44,9,0,6,0.50,6.10,0.77,51,41,23975,5,2,25,2,7000,Non-member,300,6900,325,4875,1,450,0,96,14400,Fresh Seed User,3.71,-0.69,10.08,5.70,1.39,5.78,0.00,0.00,0.17,0.85
286,Baso Liban,0.36,Male,30,3,0,3,0.86,0.55,0.18,16,32,14100,9,0,5,1,1,Member,200,4600,75,1125,0,0,0,65,9750,Recycled Seed Users,3.47,-0.69,9.55,5.30,0.00,4.32,0.00,0.00,0.53,0.62
287,Baso Liban,0.81,Male,47,11,4,9,0.40,8.22,1.01,41.5,42,24425,1,2,25,1,6000,Non-member,300,6900,225,3375,1,450,0,122,18300,Fresh Seed User,3.74,-0.69,10.10,5.70,1.39,5.42,0.00,0.00,0.12,0.89
288,Baso Liban,0.37,Male,34,5,0,3,0.77,4.43,0.18,18,36,20603,7,2,5,1,500,Non-member,100,2300,50,750,0,0,0,65,9750,Recycled Seed Users,3.58,-0.69,9.93,4.61,1.10,3.91,0.00,0.00,0.32,0.75
289,DEBRE ELIAS,0.69,Male,49,14,0,7,0.35,9.33,1.03,40,40,23863,1,2,15,1,7000,Non-member,150,3450,200,3000,1,450,0,107,16050,Fresh Seed User,3.69,0.00,10.08,5.01,1.39,5.30,0.00,0.00,0.11,0.90
290,DEBRE ELIAS,0.74,Male,37,5,0,4,0.68,1.95,0.55,27,36,10325,8,1,20,1,8000,Member,150,3450,350,5250,0.5,225,0,112,16800,Recycled Seed Users,3.58,-0.29,9.24,5.01,1.10,5.86,-0.69,0.00,0.35,0.72
291,DEBRE ELIAS,0.69,Male,45,11,0,6,0.46,7.95,0.86,39.5,40,22925,1,2,25,1,8000,Non-member,125,2875,200,3000,0.75,337.5,0,107,16050,Recycled Seed Users,3.69,-0.01,10.04,4.83,1.61,5.30,-0.29,0.00,0.12,0.89
292,DEBRE ELIAS,0.62,Male,31,4,0,3,0.82,0.82,0.31,17.25,35,13980,8,1,10,1,0,Member,150,3450,105,1575,0,0,0,95,14250,Recycled Seed Users,3.56,-0.71,9.55,5.01,0.69,4.65,0.00,0.00,0.42,0.68
293,DEBRE ELIAS,0.60,Male,34,5,3,3,0.76,3.45,0.30,18.5,37,15200,8,1,15,1,7000,Member,150,3450,150,2250,0.5,225,0,92,13800,Recycled Seed Users,3.61,-0.69,9.63,5.01,1.39,5.01,-0.69,0.00,0.33,0.74
294,DEBRE ELIAS,0.44,Male,32,5,0,3,0.79,3.00,0.22,19,38,21380,8,1,5,1,0,Non-member,450,10350,105,1575,0,0,0,72,10800,Recycled Seed Users,3.64,-0.69,9.97,6.11,1.39,4.65,0.00,0.00,0.34,0.73
295,DEBRE ELIAS,0.76,Male,34,5,0,3,0.78,1.97,0.38,19,38,12850,8,1,20,1,7000,Member,200,4600,125,1875,0,0,0,116,17400,Fresh Seed User,3.64,-0.69,9.46,5.30,1.61,4.83,0.00,0.00,0.35,0.72
296,DEBRE ELIAS,0.62,Male,46,20,0,6,0.43,12.60,0.77,50.5,40,24488,0,2,25,1,6000,Non-member,150,3450,300,4500,0.5,225,0,96,14400,Fresh Seed User,3.69,0.23,10.11,5.01,1.39,5.70,-0.69,0.00,0.07,0.93
297,DEBRE ELIAS,0.57,Male,32,5,4,3,0.81,1.65,0.28,18,36,14213,8,1,15,1,0,Member,200,4600,150,2250,0,0,0,88,13200,Recycled Seed Users,3.58,-0.69,9.56,5.30,1.10,5.01,0.00,0.00,0.37,0.71
298,DEBRE ELIAS,0.77,Male,50,15,8,7,0.31,9.38,1.16,41.25,41,24100,1,2,20,1,0,Non-member,225,5175,150,2250,1,450,0,118,17700,Fresh Seed User,3.71,0.01,10.09,5.42,1.39,5.01,0.00,0.00,0.11,0.90
299,DEBRE ELIAS,0.44,Male,30,5,0,3,0.84,2.35,0.22,17,34,19655,8,1,15,3,8000,Non-member,200,4600,25,375,0,0,0,72,10800,Recycled Seed Users,3.53,-0.69,9.89,5.30,0.69,3.22,0.00,0.00,0.34,0.73
300,DEBRE ELIAS,0.31,Male,32,2,6,3,0.79,1.50,0.23,23,31,9050,11,0,5,1,0,Member,125,2875,50,750,0,0,0,60,9000,Recycled Seed Users,3.43,-0.30,9.11,4.83,0.69,3.91,0.00,0.00,0.59,0.59
301,DEBRE ELIAS,0.67,Male,48,15,0,7,0.36,9.37,1.01,52,42,29225,1,2,25,1,7000,Non-member,225,5060,100,1500,0.5,225,0,104,15600,Fresh Seed User,3.74,0.00,10.28,5.42,1.39,4.61,-0.69,0.00,0.11,0.90
302,DEBRE ELIAS,0.12,Male,28,3,5,2,0.91,0.15,0.06,16,32,21800,9,0,5,0,6000,Non-member,450,10350,45,675,0,0,0,35,5250,Recycled Seed Users,3.47,-0.69,9.99,6.11,0.00,3.81,0.00,0.00,0.54,0.61
303,DEBRE ELIAS,0.60,Male,46,15,0,6,0.42,10.00,0.90,49,39,21850,1,2,20,1,5000,Non-member,100,2300,200,3000,1,450,0,92,13800,Fresh Seed User,3.66,0.23,9.99,4.61,1.61,5.30,0.00,0.00,0.10,0.91
304,DEBRE ELIAS,0.64,Male,39,8,0,5,0.61,5.82,0.48,28.5,38,16000,5,2,20,1,8000,Member,150,3450,200,3000,0,0,0,99,14850,Fresh Seed User,3.64,-0.29,9.68,5.01,1.61,5.30,0.00,0.00,0.20,0.83
305,DEBRE ELIAS,0.57,Male,40,9,0,5,0.60,6.34,0.43,28.25,38,20750,5,2,20,2,6000,Non-member,125,2875,100,1500,0,0,0,89,13350,Recycled Seed Users,3.64,-0.30,9.94,4.83,1.39,4.61,0.00,0.00,0.17,0.85
306,DEBRE ELIAS,0.73,Male,32,4,8,3,0.81,0.91,0.37,18,36,11975,8,1,20,1,0,Member,150,3450,100,1500,0,0,0,110,16500,Recycled Seed Users,3.58,-0.69,9.39,5.01,1.10,4.61,0.00,0.00,0.42,0.68
307,DEBRE ELIAS,0.28,Male,20,0,0,1,0.97,0.00,0.07,8,32,10075,17,0,5,0,4000,Member,450,10350,75,1125,0,0,0,58,8700,Recycled Seed Users,3.47,-1.39,9.22,6.11,0.69,4.32,0.00,0.00,1.40,0.27
308,DEBRE ELIAS,0.80,Male,50,19,5,7,0.27,11.73,1.21,40.5,41,24100,1,2,25,2,6000,Non-member,175,4025,200,3000,1,450,0,122,18300,Fresh Seed User,3.71,-0.01,10.09,5.16,1.39,5.30,0.00,0.00,0.08,0.93
309,DEBRE ELIAS,0.80,Male,57,33,0,11,0.13,18.00,1.69,66,44,27950,0,2,30,3,0,Non-member,100,2300,150,2250,1.5,675,0,121,18150,Fresh Seed User,3.78,-0.29,10.24,4.61,1.61,5.01,0.41,0.00,0.03,0.97
310,DEBRE ELIAS,0.65,Male,52,22,0,9,0.20,15.35,1.46,76,43,27575,0,2,30,2,7000,Non-member,150,3450,150,2250,2,900,0,101,15150,Fresh Seed User,3.76,-0.69,10.22,5.01,1.10,5.01,0.69,0.00,0.05,0.95
311,DEBRE ELIAS,0.23,Male,40,9,0,5,0.57,6.25,0.23,32,32,22098,5,2,5,1,0,Non-member,300,6900,50,750,0.5,225,0,52,7800,Recycled Seed Users,3.47,0.46,10.00,5.70,0.00,3.91,-0.69,0.00,0.17,0.85
312,DEBRE ELIAS,0.94,Male,67,20,0,12,0.07,14.25,2.59,80.5,46,7415,0,2,30,3,0,Member,175,4025,200,3000,1,450,4000,103,15450,Recycled Seed Users,3.50,0.89,8.91,5.16,1.61,5.30,0.00,8.29,0.07,0.94
313,DEBRE ELIAS,0.63,Male,35,6,8,4,0.74,4.43,0.31,14.5,39,20900,7,2,15,1,0,Non-member,200,4600,200,3000,0.5,225,0,97,14550,Recycled Seed Users,3.66,-0.99,9.95,5.30,1.39,5.30,-0.69,0.00,0.27,0.78
314,DEBRE ELIAS,0.79,Male,46,15,0,6,0.44,9.56,0.79,42.25,42,24875,1,2,25,1,0,Non-member,75,1725,100,1500,0,0,0,121,18150,Fresh Seed User,3.74,-0.69,10.12,4.32,1.61,4.61,0.00,0.00,0.10,0.91
315,DEBRE ELIAS,0.65,Male,26,2,8,1,0.94,0.07,0.16,9.5,38,12325,12,0,15,0,2500,Member,200,4600,200,3000,0,0,0,101,15150,Recycled Seed Users,3.64,-1.39,9.42,5.30,1.61,5.30,0.00,0.00,0.65,0.56
316,DEBRE ELIAS,0.19,Female,30,4,0,2,0.87,0.49,0.10,17.25,35,23450,9,1,5,0,0,Non-member,450,10350,50,750,0,0,0,45,6750,Recycled Seed Users,3.56,-0.71,10.06,6.11,0.69,3.91,0.00,0.00,0.45,0.67
317,DEBRE ELIAS,0.62,Male,46,21,0,6,0.43,15.00,0.62,38,38,30225,0,2,20,4,6000,Non-member,150,3450,115,1725,1,450,0,96,14400,Fresh Seed User,3.83,0.00,10.32,5.01,1.39,4.74,0.00,0.00,0.06,0.94
318,DEBRE ELIAS,0.91,Male,54,22,4,9,0.19,15.24,1.59,54,43,25200,0,2,30,3,0,Non-member,250,5750,500,7500,1,450,1800,98,14700,Fresh Seed User,3.76,-0.29,10.13,5.52,1.61,6.21,0.00,7.50,0.05,0.95
319,DEBRE ELIAS,0.86,Male,48,18,0,7,0.36,11.29,1.07,53,42,20850,1,2,30,2,0,Non-member,125,2875,400,6000,0,0,0,128,19200,Recycled Seed Users,3.74,-0.29,9.95,4.83,1.61,5.99,0.00,0.00,0.08,0.92
320,DEBRE ELIAS,0.66,Male,44,20,5,6,0.49,13.27,0.49,31,41,24218,0,2,20,6,10000,Non-member,75,1725,250,3750,1,450,0,102,15300,Fresh Seed User,3.71,-0.28,10.09,4.32,1.39,5.52,0.00,0.00,0.07,0.93
321,DEBRE ELIAS,0.89,Male,54,22,0,10,0.17,16.50,1.56,56,45,29675,0,2,30,4,0,Non-member,175,4025,400,6000,1,450,1600,95,14250,Fresh Seed User,3.81,0.00,10.30,5.16,1.39,5.99,0.00,7.38,0.05,0.96
322,DEBRE ELIAS,0.00,Male,42,9,4,5,0.56,5.92,0.00,16.5,33,23088,5,2,5,1,0,Non-member,250,4500,50,750,0,0,0,46,6900,Recycled Seed Users,3.50,0.81,10.05,5.52,1.10,3.91,0.00,0.00,0.18,0.84
323,DEBRE ELIAS,0.96,Male,60,11,0,12,0.11,7.58,2.39,60.5,48,10655,1,2,30,3,12000,Member,175,4025,100,1500,1,450,4500,119,17850,Recycled Seed Users,3.43,0.92,9.27,5.16,1.61,4.61,0.00,8.41,0.13,0.89
324,DEBRE ELIAS,0.88,Male,48,9,0,7,0.36,6.15,1.10,39,39,19700,5,2,10,2,5000,Non-member,150,3450,50,750,0.75,337.5,0,132,19800,Recycled Seed Users,3.66,-0.34,9.89,5.01,1.61,3.91,-0.29,0.00,0.17,0.85
325,DEBRE ELIAS,0.72,Male,49,10,0,7,0.35,7.37,1.09,41,41,23855,1,2,20,1,20000,Non-member,125,2875,200,3000,1,450,0,109,16350,Fresh Seed User,3.71,0.00,10.08,4.83,1.61,5.30,0.00,0.00,0.14,0.88
326,DEBRE ELIAS,0.81,Male,49,8,0,7,0.35,5.73,1.41,45,45,6860,6,2,30,5,16000,Member,175,4025,150,2250,1,450,0,122,18300,Recycled Seed Users,3.50,0.31,8.83,5.16,1.61,5.01,0.00,0.00,0.20,0.83
327,DEBRE ELIAS,0.70,Male,45,18,5,6,0.45,11.43,0.70,41,41,27330,1,2,25,3,5000,Non-member,175,4025,100,1500,1,450,0,109,16350,Fresh Seed User,3.71,0.00,10.22,5.16,1.39,4.61,0.00,0.00,0.08,0.93
328,DEBRE ELIAS,0.57,Male,41,8,0,5,0.57,5.77,0.57,39,39,23000,6,2,20,4,10000,Non-member,125,2875,125,1875,0.5,225,0,88,13200,Recycled Seed Users,3.66,-1.29,10.04,4.83,1.61,4.83,-0.69,0.00,0.20,0.83
329,DEBRE ELIAS,0.94,Male,66,35,0,12,0.07,18.70,2.23,59,47,31975,0,2,30,3,10000,Non-member,150,3450,150,2250,1,450,3800,102,15300,Fresh Seed User,3.85,0.52,10.37,5.01,1.39,5.01,0.00,8.24,0.03,0.97
330,DEBRE ELIAS,0.89,Male,50,15,0,7,0.29,9.50,1.12,53.5,43,28565,1,2,20,1,5000,Non-member,150,3450,150,2250,1,450,1500,95,14250,Fresh Seed User,3.76,-0.29,10.26,5.01,1.39,5.01,0.00,7.31,0.10,0.91
331,DEBRE ELIAS,0.75,Male,53,20,0,9,0.19,14.35,1.58,45,45,27550,0,2,25,1,20000,Non-member,100,2300,275,4125,1,450,0,113,16950,Fresh Seed User,3.81,0.00,10.22,4.61,1.61,5.62,0.00,0.00,0.07,0.94
332,DEBRE ELIAS,0.80,Male,48,11,0,10,0.36,7.99,1.10,53,42,22913,1,2,20,1,12000,Non-member,275,6325,400,6000,1,450,0,121,18150,Recycled Seed Users,3.74,-0.29,10.04,5.62,1.61,5.99,0.00,0.00,0.12,0.89
333,DEBRE ELIAS,0.62,Female,39,7,0,5,0.62,5.34,0.47,28,37,20555,6,2,15,1,0,Non-member,225,5175,150,2250,0.5,225,0,96,14400,Recycled Seed Users,3.61,-0.28,9.93,5.42,1.10,5.01,-0.69,0.00,0.23,0.81
334,DEBRE ELIAS,0.67,Female,50,21,0,7,0.32,14.54,1.01,44,44,27450,0,2,30,4,0,Non-member,125,2875,350,5250,1,450,0,104,15600,Fresh Seed User,3.78,0.00,10.22,4.83,1.61,5.86,0.00,0.00,0.06,0.94
335,DEBRE ELIAS,0.80,Male,55,15,0,11,0.15,10.10,1.89,85,48,5180,1,2,30,3,0,Member,175,4025,100,1500,1.75,787.5,3600,121,18150,Recycled Seed Users,3.37,1.08,8.55,5.16,1.61,4.61,0.56,8.19,0.09,0.91
336,DEBRE ELIAS,0.98,Male,68,13,0,12,0.07,8.81,2.82,108,48,5743,1,2,30,3,0,Member,150,3450,150,2250,1,450,4500,107,16050,Recycled Seed Users,3.40,0.69,8.66,5.01,1.61,5.01,0.00,8.41,0.11,0.90
337,DEBRE ELIAS,1.00,Male,69,39,4,12,0.06,19.75,2.75,122,49,32625,0,2,30,4,0,Non-member,175,4025,150,2250,1,450,2000,119,17850,Fresh Seed User,3.89,0.00,10.39,5.16,1.61,5.01,0.00,7.60,0.02,0.98
338,DEBRE ELIAS,0.93,Male,68,23,2,12,0.06,17.50,2.55,91,46,31925,0,2,30,2,0,Non-member,150,3450,175,2625,1.5,675,2400,100,15000,Fresh Seed User,3.83,0.98,10.37,5.01,1.39,5.16,0.41,7.78,0.04,0.96
339,DEBRE ELIAS,0.57,Male,44,16,0,6,0.49,10.68,0.57,40,40,24203,1,2,20,1,0,Non-member,100,2300,270,4050,1,450,0,88,13200,Fresh Seed User,3.69,0.00,10.09,4.61,1.39,5.60,0.00,0.00,0.09,0.92
340,DEBRE ELIAS,0.77,Male,52,16,0,9,0.21,10.38,1.54,45,45,30100,1,2,25,1,0,Non-member,200,4600,125,1875,1,450,0,116,17400,Fresh Seed User,3.81,0.00,10.31,5.30,1.61,4.83,0.00,0.00,0.09,0.92
341,DEBRE ELIAS,0.95,Male,68,20,0,12,0.06,14.21,2.98,110,49,8575,0,2,30,5,0,Member,150,3450,100,1500,1.375,618.75,4600,124,18600,Recycled Seed Users,3.50,1.20,9.06,5.01,1.61,4.61,0.32,8.43,0.07,0.94
342,DEBRE ELIAS,0.30,Male,30,5,0,3,0.84,1.70,0.15,17,34,23700,8,1,5,1,0,Non-member,400,9200,75,1125,0,0,0,59,8850,Recycled Seed Users,3.53,-0.69,10.07,5.99,0.00,4.32,0.00,0.00,0.36,0.72
343,DEBRE ELIAS,0.35,Male,43,9,0,5,0.54,6.03,0.26,26,35,19350,5,2,10,3,2500,Non-member,100,2300,50,750,0.5,225,0,63,9450,Recycled Seed Users,3.56,-0.30,9.87,4.61,1.10,3.91,-0.69,0.00,0.18,0.85
344,DEBRE ELIAS,0.00,Male,40,9,4,5,0.58,6.46,0.00,7.75,31,22850,5,2,5,2,0,Non-member,350,5850,25,375,0,0,0,43,6450,Recycled Seed Users,3.43,0.69,10.04,5.86,0.69,3.22,0.00,0.00,0.17,0.86
345,DEBRE ELIAS,0.00,Male,43,10,6,5,0.55,6.56,0.00,17.75,36,28800,5,2,5,0,0,Non-member,300,5400,75,1125,0,0,0,41,6150,Fresh Seed User,3.58,0.69,10.27,5.70,1.10,4.32,0.00,0.00,0.16,0.86
346,DEBRE ELIAS,1.00,Male,68,11,8,12,0.07,8.09,2.88,94,47,5750,1,2,30,2,0,Member,150,3450,160,2400,1,450,2400,111,16650,Recycled Seed Users,3.40,1.25,8.66,5.01,1.61,5.08,0.00,7.78,0.12,0.89
347,DEBRE ELIAS,0.69,Male,50,21,5,7,0.30,14.89,1.03,61,41,28225,0,2,20,3,6000,Non-member,200,4600,125,1875,0.5,225,0,107,16050,Fresh Seed User,3.71,0.40,10.25,5.30,1.39,4.83,-0.69,0.00,0.06,0.94
348,DEBRE ELIAS,0.50,Male,43,7,8,6,0.51,4.72,0.74,51,34,13515,6,2,10,2,10000,Member,125,2875,63,945,0,0,0,78,11700,Recycled Seed Users,3.53,0.41,9.51,4.83,1.10,4.14,0.00,0.00,0.27,0.78
349,DEBRE ELIAS,0.21,Male,30,4,5,3,0.82,1.05,0.10,17,34,20388,8,1,5,3,7000,Non-member,300,6900,50,750,0,0,0,48,7200,Recycled Seed Users,3.53,-0.69,9.92,5.70,0.69,3.91,0.00,0.00,0.41,0.68
350,DEBRE ELIAS,0.67,Male,46,13,4,6,0.43,9.08,0.83,52,42,25900,1,2,15,1,0,Non-member,350,8050,300,4500,0.75,337.5,0,104,15600,Fresh Seed User,3.74,-0.69,10.16,5.86,1.39,5.70,-0.29,0.00,0.11,0.90
351,DEBRE ELIAS,0.68,Male,50,19,6,7,0.31,11.97,1.02,61,41,26600,1,2,15,3,0,Non-member,225,5175,250,3750,0.5,225,0,105,15750,Fresh Seed User,3.71,0.40,10.19,5.42,1.39,5.52,-0.69,0.00,0.08,0.93
352,DEBRE ELIAS,1.00,Male,76,36,4,13,0.04,19.75,3.25,87,50,32170,0,2,30,3,0,Non-member,150,3450,175,2625,1,450,3600,129,19350,Fresh Seed User,3.91,-0.69,10.38,5.01,1.61,5.16,0.00,8.19,0.02,0.98
353,DEBRE ELIAS,0.91,Male,52,16,6,9,0.22,10.77,1.37,64,43,28250,1,2,20,1,0,Non-member,100,2300,150,2250,1,450,1800,131,19650,Fresh Seed User,3.76,-0.29,10.25,4.61,1.39,5.01,0.00,7.50,0.09,0.92
354,DEBRE ELIAS,1.00,Male,56,22,4,11,0.14,15.46,1.75,80,46,31400,0,2,30,2,0,Non-member,150,3450,150,2250,1,450,2800,109,16350,Fresh Seed User,3.83,0.89,10.35,5.01,1.61,5.01,0.00,7.94,0.05,0.95
355,DEBRE ELIAS,1.00,Male,73,41,0,13,0.04,20.00,3.00,148,49,23938,0,2,30,4,0,Non-member,150,3450,150,2250,1.375,618.75,4000,129,19350,Fresh Seed User,3.66,1.33,10.08,5.01,1.61,5.01,0.32,8.29,0.02,0.98
356,DEBRE ELIAS,0.19,Male,35,5,5,4,0.74,2.00,0.14,26,35,21050,8,1,5,0,6000,Non-member,300,6900,50,750,0.5,225,0,43,6450,Recycled Seed Users,3.56,-0.30,9.95,5.70,1.10,3.91,-0.69,0.00,0.35,0.72
357,DEBRE ELIAS,0.57,Male,45,20,0,6,0.47,12.43,0.57,41,41,27583,0,2,20,4,6000,Non-member,150,3450,150,2250,1,450,0,88,13200,Fresh Seed User,3.71,0.00,10.22,5.01,1.39,5.01,0.00,0.00,0.07,0.93
358,DEBRE ELIAS,0.77,Male,44,9,0,6,0.50,5.94,0.77,39.25,39,14450,5,2,15,1,0,Member,150,3450,300,4500,1,450,0,116,17400,Recycled Seed Users,3.66,0.01,9.58,5.01,1.61,5.70,0.00,0.00,0.18,0.85
359,DEBRE ELIAS,0.29,Male,39,7,8,4,0.64,4.79,0.29,39,39,30550,6,2,5,1,0,Non-member,200,4600,75,1125,0.5,225,0,58,8700,Fresh Seed User,3.85,-0.69,10.33,5.30,1.61,4.32,-0.69,0.00,0.26,0.79
360,DEBRE ELIAS,0.57,Male,41,10,3,5,0.57,6.65,0.43,30,40,23175,4,2,20,1,10000,Non-member,100,2300,250,3750,1,450,0,89,13350,Fresh Seed User,3.69,-0.29,10.05,4.61,1.39,5.52,0.00,0.00,0.16,0.86
361,DEBRE ELIAS,0.41,Male,30,3,6,3,0.83,0.89,0.20,17.5,35,17865,9,0,10,1,15000,Member,125,2875,100,1500,0,0,0,70,10500,Recycled Seed Users,3.56,-0.69,9.79,4.83,0.69,4.61,0.00,0.00,0.54,0.61
362,DEBRE ELIAS,1.00,Male,54,23,0,10,0.17,17.75,1.50,43,43,27813,0,2,30,3,0,Non-member,125,2875,175,2625,1,450,3800,116,17400,Fresh Seed User,3.76,0.00,10.23,4.83,1.61,5.16,0.00,8.24,0.04,0.96
363,DEBRE ELIAS,0.47,Male,39,8,0,5,0.62,5.49,0.35,27,36,30925,6,2,15,0,0,Non-member,250,5750,100,1500,0.5,225,0,76,11400,Fresh Seed User,3.81,-0.47,10.34,5.52,1.10,4.61,-0.69,0.00,0.21,0.82
364,DEBRE ELIAS,0.20,Male,42,5,0,5,0.55,1.90,0.25,40.5,41,30350,8,1,5,4,20000,Non-member,150,3450,50,750,0.375,168.75,0,47,7050,Fresh Seed User,3.71,-0.01,10.32,5.01,1.39,3.91,-0.98,0.00,0.35,0.72
365,DEBRE ELIAS,0.94,Male,55,10,4,11,0.16,6.82,2.12,82,47,5938,2,2,30,3,8000,Member,150,3450,175,2625,1,450,4000,103,15450,Recycled Seed Users,3.43,1.15,8.69,5.01,1.61,5.16,0.00,8.29,0.16,0.86
366,DEBRE ELIAS,0.00,Male,39,6,0,5,0.62,5.88,0.00,16.5,33,22450,7,2,5,1,15000,Non-member,450,8100,25,375,0,0,0,43,6450,Recycled Seed Users,3.50,0.69,10.02,6.11,1.10,3.22,0.00,0.00,0.29,0.77
367,DEBRE ELIAS,0.96,Female,66,12,0,12,0.07,8.45,2.65,83.5,48,6050,1,2,30,3,5000,Member,175,4025,175,2625,1,450,3600,105,15750,Recycled Seed Users,3.43,0.99,8.71,5.16,1.61,5.16,0.00,8.19,0.12,0.89
368,DEBRE ELIAS,0.75,Male,55,21,6,11,0.15,15.09,1.69,44.25,44,28225,0,2,25,2,14000,Non-member,150,3450,125,1875,1,450,0,114,17100,Fresh Seed User,3.78,-0.69,10.25,5.01,1.39,4.83,0.00,0.00,0.06,0.95
369,DEBRE ELIAS,0.89,Male,55,10,5,11,0.15,6.72,2.23,93,47,8375,4,2,30,1,10000,Member,150,3565,125,1875,0,0,2100,95,14250,Recycled Seed Users,3.50,1.04,9.03,5.01,1.61,4.83,0.00,7.65,0.16,0.86
370,DEBRE ELIAS,0.40,Male,45,15,5,6,0.48,9.60,0.60,55.25,40,28925,1,2,20,1,0,Non-member,400,9200,80,1200,1,450,0,68,10200,Fresh Seed User,3.69,0.32,10.27,5.99,1.39,4.38,0.00,0.00,0.10,0.91
371,DEBRE ELIAS,0.70,Male,48,16,0,7,0.37,10.84,0.88,54,43,29375,1,2,20,2,0,Non-member,200,4600,100,1500,1,450,0,109,16350,Fresh Seed User,3.76,0.49,10.29,5.30,1.61,4.61,0.00,0.00,0.09,0.92
372,DEBRE ELIAS,0.68,Female,47,11,6,6,0.40,7.45,0.94,57.25,42,26150,1,2,20,1,0,Non-member,150,3450,300,4500,1,450,0,106,15900,Fresh Seed User,3.74,-0.29,10.17,5.01,1.39,5.70,0.00,0.00,0.13,0.88
373,DEBRE ELIAS,0.43,Male,47,16,0,7,0.40,10.68,0.80,71,41,28750,1,2,15,1,0,Non-member,175,4025,150,2250,0,0,0,72,10800,Fresh Seed User,3.71,0.55,10.27,5.16,1.39,5.01,0.00,0.00,0.09,0.92
374,DEBRE ELIAS,0.00,Male,40,8,4,5,0.59,5.81,0.00,31.5,31,23188,6,2,5,0,0,Non-member,450,8100,50,750,0,0,0,34,5100,Recycled Seed Users,3.43,0.97,10.05,6.11,0.00,3.91,0.00,0.00,0.20,0.83
375,DEBRE ELIAS,0.58,Male,27,4,4,7,0.93,1.00,0.15,9.5,38,22950,8,1,15,0,0,Non-member,400,9200,50,750,0,0,0,90,13500,Fresh Seed User,3.64,-1.39,10.04,5.99,1.39,3.91,0.00,0.00,0.42,0.68
376,DEBRE ELIAS,0.67,Male,45,15,5,6,0.45,9.65,0.84,52.5,42,24163,1,2,30,2,0,Non-member,200,4600,300,4500,1,450,0,104,15600,Fresh Seed User,3.74,-0.69,10.09,5.30,1.61,5.70,0.00,0.00,0.10,0.91
377,DEBRE ELIAS,0.00,Male,41,10,6,5,0.57,7.19,0.00,33,33,24588,1,2,5,1,0,Non-member,150,2700,50,750,0,0,0,38,5700,Recycled Seed Users,3.50,0.69,10.11,5.01,0.69,3.91,0.00,0.00,0.14,0.87
378,DEBRE ELIAS,0.51,Male,38,7,5,4,0.66,5.29,0.38,28,37,20188,6,2,15,1,0,Non-member,200,4600,75,1125,1,450,0,81,12150,Recycled Seed Users,3.61,-0.28,9.91,5.30,1.39,4.32,0.00,0.00,0.24,0.80
379,DEBRE ELIAS,0.51,Male,38,5,0,4,0.67,4.72,0.44,31,35,12175,7,2,10,1,0,Member,150,3450,63,945,0,0,0,80,12000,Recycled Seed Users,3.56,-0.12,9.41,5.01,1.39,4.14,0.00,0.00,0.31,0.75
380,DEBRE ELIAS,1.00,Male,61,13,5,12,0.10,8.87,2.38,79,49,9890,1,2,30,4,0,Member,175,4025,175,2625,1,450,4500,123,18450,Recycled Seed Users,3.56,0.81,9.20,5.16,1.61,5.16,0.00,8.41,0.11,0.90
381,DEBRE ELIAS,0.88,Male,51,11,0,9,0.24,7.48,1.66,47.5,47,8615,1,2,30,2,10000,Member,150,3450,150,2250,1,450,0,95,14250,Recycled Seed Users,3.56,0.31,9.06,5.01,1.61,5.01,0.00,0.00,0.13,0.88
382,DEBRE ELIAS,0.83,Male,60,18,0,12,0.10,11.38,2.39,85,48,7160,1,2,30,4,0,Member,175,4025,100,1500,1.5,675,2800,125,18750,Recycled Seed Users,3.47,0.98,8.88,5.16,1.61,4.61,0.41,7.94,0.08,0.92
383,DEBRE ELIAS,0.64,Male,37,7,7,4,0.67,4.96,0.40,19.5,39,18775,6,2,10,1,0,Non-member,200,4600,200,3000,0.5,225,0,99,14850,Fresh Seed User,3.66,-0.69,9.84,5.30,1.61,5.30,-0.69,0.00,0.25,0.79
384,DEBRE ELIAS,0.00,Male,40,6,0,5,0.60,5.66,0.00,6.5,26,9835,7,2,5,0,0,Member,450,8100,25,375,0,0,0,29,4350,Recycled Seed Users,3.26,1.18,9.19,6.11,0.50,3.22,0.00,0.00,0.29,0.77
385,DEBRE ELIAS,0.62,Male,41,10,6,5,0.57,6.87,0.39,19,38,29775,2,2,20,1,0,Non-member,250,5750,150,2250,0,0,0,96,14400,Fresh Seed User,3.78,-0.29,10.30,5.52,1.39,5.01,0.00,0.00,0.15,0.87
386,DEBRE ELIAS,0.74,Female,50,17,0,7,0.31,11.21,1.11,61,41,26263,1,2,25,2,10000,Non-member,150,3450,100,1500,1,450,0,113,16950,Fresh Seed User,3.71,0.40,10.18,5.01,1.39,4.61,0.00,0.00,0.09,0.92
387,DEBRE ELIAS,0.94,Male,68,35,0,12,0.06,18.23,2.47,82,47,22325,0,2,30,3,0,Non-member,150,3450,125,1875,1.25,562.5,4200,102,15300,Recycled Seed Users,3.66,0.74,10.01,5.01,1.61,4.83,0.22,8.34,0.03,0.97
388,DEBRE ELIAS,0.80,Male,50,15,0,7,0.28,10.28,1.20,64,43,26000,1,2,25,2,15000,Non-member,225,5175,250,3750,1.25,562.5,0,121,18150,Fresh Seed User,3.76,-0.29,10.17,5.42,1.39,5.52,0.22,0.00,0.09,0.91
389,DEBRE ELIAS,0.44,Male,37,5,4,4,0.68,1.80,0.33,28.5,38,21700,8,1,10,1,15000,Non-member,400,9200,200,3000,1,450,0,72,10800,Recycled Seed Users,3.64,-0.29,9.99,5.99,1.39,5.30,0.00,0.00,0.36,0.72
390,DEBRE ELIAS,1.00,Male,54,13,0,9,0.19,8.77,1.88,71,47,8000,1,2,30,4,0,Member,175,4025,175,2625,1,450,4500,119,17850,Recycled Seed Users,3.50,0.77,8.99,5.16,1.61,5.16,0.00,8.41,0.11,0.90
391,DEBRE ELIAS,1.00,Male,66,19,0,12,0.08,12.35,2.50,95,47,8090,0,2,30,5,0,Member,150,3450,175,2625,1.75,787.5,4500,109,16350,Recycled Seed Users,3.50,1.06,9.00,5.01,1.61,5.16,0.56,8.41,0.07,0.93
392,DEBRE ELIAS,0.75,Male,50,22,6,8,0.26,15.31,1.12,55,44,27925,0,2,30,4,10000,Non-member,150,3450,200,3000,0.5,225,0,114,17100,Fresh Seed User,3.78,-0.29,10.24,5.01,1.61,5.30,-0.69,0.00,0.05,0.95
393,DEBRE ELIAS,0.16,Female,28,1,0,2,0.92,0.13,0.16,30,30,13318,15,0,5,2,0,Member,300,6900,40,600,0,0,0,38,5700,Recycled Seed Users,3.40,-0.56,9.50,5.70,0.00,3.69,0.00,0.00,1.07,0.38
394,DEBRE ELIAS,1.00,Male,60,22,0,11,0.12,16.00,2.00,69,46,31188,0,2,30,6,10000,Non-member,150,3450,175,2625,1,450,4800,125,18750,Fresh Seed User,3.83,0.80,10.35,5.01,1.61,5.16,0.00,8.48,0.05,0.95
395,DEBRE ELIAS,0.24,Male,32,5,0,3,0.80,1.65,0.18,25,33,15865,8,1,5,1,0,Member,300,6900,50,750,0,0,0,53,7950,Recycled Seed Users,3.50,-0.28,9.67,5.70,0.69,3.91,0.00,0.00,0.37,0.71
396,DEBRE ELIAS,0.93,Male,58,22,0,11,0.13,16.00,1.85,80,46,31175,0,2,30,3,5000,Non-member,150,3450,150,2250,1,450,2600,100,15000,Fresh Seed User,3.83,0.77,10.35,5.01,1.61,5.01,0.00,7.86,0.05,0.95
397,DEBRE ELIAS,0.75,Male,55,10,4,11,0.15,7.20,2.16,94.5,47,5750,1,2,30,4,0,Member,150,3450,150,2250,2,900,2800,114,17100,Recycled Seed Users,3.40,1.15,8.66,5.01,1.39,5.01,0.69,7.94,0.14,0.87
398,DEBRE ELIAS,0.32,Female,43,7,0,5,0.52,5.33,0.40,41,33,14175,6,2,10,1,0,Member,75,1725,50,750,0.75,337.5,0,61,9150,Recycled Seed Users,3.50,0.22,9.56,4.32,0.69,3.91,-0.29,0.00,0.23,0.81
399,DEBRE ELIAS,0.23,Male,40,5,0,5,0.59,4.22,0.29,43.5,35,23400,7,1,5,1,20000,Non-member,100,2300,20,300,0.5,225,0,52,7800,Recycled Seed Users,3.56,0.22,10.06,4.61,1.10,3.00,-0.69,0.00,0.32,0.74
400,DEBRE ELIAS,0.22,Male,41,10,0,5,0.57,6.75,0.27,45,36,23675,4,2,5,1,0,Non-member,150,3450,75,1125,0.5,225,0,49,7350,Recycled Seed Users,3.58,0.22,10.07,5.01,1.10,4.32,-0.69,0.00,0.16,0.86
401,DEBRE ELIAS,0.00,Male,41,10,0,5,0.56,7.34,0.00,15.75,32,33700,1,2,5,1,0,Non-member,300,5400,55,825,0.5,225,0,41,6150,Fresh Seed User,3.74,0.41,10.43,5.70,0.69,4.01,-0.69,0.00,0.14,0.88
402,DEBRE ELIAS,0.44,Male,50,20,0,8,0.26,13.81,0.99,77,44,30750,0,2,5,5,5000,Non-member,125,2875,125,1875,1.75,787.5,0,72,10800,Fresh Seed User,3.78,0.91,10.33,4.83,1.61,4.83,0.56,0.00,0.07,0.93
403,DEBRE ELIAS,0.69,Male,47,20,0,7,0.40,13.58,0.86,50,40,24125,0,2,25,3,10000,Non-member,150,3450,240,3600,0.5,225,0,107,16050,Fresh Seed User,3.69,0.22,10.09,5.01,1.39,5.48,-0.69,0.00,0.07,0.93
404,DEBRE ELIAS,0.26,Male,32,4,0,3,0.80,0.69,0.20,24,32,12398,9,1,5,1,0,Member,400,9200,50,750,0.5,225,0,56,8400,Recycled Seed Users,3.47,-0.29,9.43,5.99,0.69,3.91,-0.69,0.00,0.43,0.67
405,DEBRE ELIAS,0.20,Female,28,3,3,2,0.89,0.20,0.10,16,32,18713,9,0,5,0,0,Non-member,300,6900,50,750,0,0,0,47,7050,Recycled Seed Users,3.47,-0.69,9.84,5.70,0.00,3.91,0.00,0.00,0.54,0.61
406,DEBRE ELIAS,0.00,Male,43,10,0,5,0.53,7.09,0.00,22.5,30,20450,1,2,5,1,0,Non-member,250,4500,40,600,0.25,112.5,0,32,4800,Recycled Seed Users,3.40,1.01,9.93,5.52,0.00,3.69,-1.39,0.00,0.15,0.87
407,DEBRE ELIAS,0.73,Male,55,23,0,11,0.15,17.35,1.64,89,45,29675,0,2,30,4,0,Non-member,150,3450,150,2250,2,900,0,110,16500,Fresh Seed User,3.81,-0.69,10.30,5.01,1.39,5.01,0.69,0.00,0.04,0.96
408,DEBRE ELIAS,0.94,Male,56,14,0,11,0.13,9.29,2.12,105,47,5488,1,2,30,6,10000,Member,150,3450,200,3000,1,450,3800,103,15450,Recycled Seed Users,3.40,0.69,8.61,5.01,1.61,5.30,0.00,8.24,0.11,0.90
409,DEBRE ELIAS,0.16,Male,30,3,0,3,0.83,0.89,0.12,23,31,10820,10,0,5,1,0,Member,300,6900,50,750,0.5,225,0,38,5700,Recycled Seed Users,3.43,-0.30,9.29,5.70,0.69,3.91,0.00,0.00,0.57,0.60
410,DEBRE ELIAS,0.37,Male,30,2,0,3,0.87,0.49,0.18,16,32,10025,12,0,5,1,0,Member,200,4600,75,1125,0,0,0,65,9750,Recycled Seed Users,3.47,-0.69,9.21,5.30,0.69,4.32,0.00,0.00,0.68,0.54
411,DEBRE ELIAS,0.64,Male,48,14,0,7,0.36,9.10,0.96,65,43,28375,1,2,25,2,0,Non-member,200,4600,325,4875,0,0,1500,98,14700,Fresh Seed User,3.76,-0.69,10.25,5.30,1.10,5.78,0.00,7.31,0.11,0.90
412,DEBRE ELIAS,0.63,Male,44,10,6,6,0.50,7.36,0.63,44,44,29150,1,2,25,2,10000,Non-member,175,4025,150,2250,1,450,0,96,14400,Fresh Seed User,3.78,0.00,10.28,5.16,1.39,5.01,0.00,0.00,0.14,0.88
413,DEBRE ELIAS,0.78,Male,52,20,0,9,0.21,14.50,1.47,47,47,31713,0,2,30,3,10000,Non-member,150,3450,175,2625,0,0,2600,119,17850,Fresh Seed User,3.85,0.19,10.36,5.01,1.61,5.16,0.00,7.86,0.07,0.94
414,DEBRE ELIAS,0.00,Male,39,7,0,5,0.62,5.38,0.00,14.5,29,18688,6,2,5,1,5000,Non-member,150,2700,25,375,0,0,0,28,4200,Recycled Seed Users,3.37,0.69,9.84,5.01,0.00,3.22,0.00,0.00,0.22,0.82
415,DEBRE ELIAS,0.47,Male,35,6,0,4,0.75,4.45,0.24,18,36,16725,7,2,15,1,10000,Member,200,4600,200,3000,0.25,112.5,0,76,11400,Recycled Seed Users,3.58,-0.69,9.72,5.30,1.10,5.30,-1.39,0.00,0.27,0.78
416,DEBRE ELIAS,0.46,Female,33,5,0,3,0.79,4.28,0.23,18.5,37,22000,7,2,15,2,7000,Non-member,200,4600,50,750,0,0,0,75,11250,Recycled Seed Users,3.61,-0.69,10.00,5.30,1.39,3.91,0.00,0.00,0.32,0.74
417,DEBRE ELIAS,0.69,Male,33,4,0,3,0.79,1.22,0.35,18,36,13350,8,1,15,1,6000,Member,150,3450,100,1500,0.25,112.5,0,107,16050,Fresh Seed User,3.58,-0.69,9.50,5.01,1.10,4.61,-1.39,0.00,0.41,0.69
418,DEBRE ELIAS,0.77,Male,51,20,0,9,0.24,14.29,1.35,66,44,27125,0,2,30,2,7000,Non-member,150,3450,150,2250,1,450,0,116,17400,Fresh Seed User,3.78,-1.39,10.21,5.01,1.39,5.01,0.00,0.00,0.07,0.94
419,DEBRE ELIAS,0.50,Female,39,4,0,5,0.63,0.75,0.25,17,34,28725,8,1,10,1,6000,Non-member,150,3450,50,750,0,0,0,80,12000,Fresh Seed User,3.66,-0.83,10.27,5.01,0.69,3.91,0.00,0.00,0.42,0.68
420,DEBRE ELIAS,0.66,Male,32,4,3,3,0.80,0.80,0.33,18,36,12675,8,1,10,1,6000,Member,200,4600,150,2250,0.5,225,0,103,15450,Recycled Seed Users,3.58,-0.69,9.45,5.30,1.10,5.01,-0.69,0.00,0.42,0.68
421,DEBRE ELIAS,0.77,Male,40,6,6,5,0.61,5.50,0.58,29.25,39,14025,7,2,15,2,6000,Member,150,3450,200,3000,1,450,0,116,17400,Recycled Seed Users,3.66,-0.29,9.55,5.01,1.61,5.30,0.00,0.00,0.29,0.77
422,DEBRE ELIAS,0.68,Male,45,15,0,6,0.46,10.09,0.68,41,41,24775,1,2,15,2,7000,Non-member,150,3450,300,4500,1,450,0,105,15750,Fresh Seed User,3.71,0.00,10.12,5.01,1.39,5.70,0.00,0.00,0.09,0.91
423,DEBRE ELIAS,0.81,Male,44,7,9,6,0.50,5.26,0.81,42,42,23075,6,2,20,1,10000,Non-member,150,3450,115,1725,1.5,675,0,122,18300,Fresh Seed User,3.74,-0.69,10.05,5.01,1.61,4.74,0.41,0.00,0.24,0.80
424,DEBRE ELIAS,0.81,Male,51,21,0,9,0.25,14.50,1.22,45,45,28475,0,2,25,2,0,Non-member,150,3450,200,3000,1,450,0,123,18450,Fresh Seed User,3.81,0.00,10.26,5.01,1.61,5.30,0.00,0.00,0.07,0.94
425,DEBRE ELIAS,0.36,Male,30,4,6,3,0.83,1.25,0.18,17,34,23075,8,1,10,1,10000,Non-member,200,4600,75,1125,0,0,0,65,9750,Fresh Seed User,3.53,-0.69,10.05,5.30,0.00,4.32,0.00,0.00,0.40,0.69
426,DEBRE ELIAS,0.47,Male,38,8,0,4,0.67,5.82,0.24,20,40,26875,5,2,10,1,6000,Non-member,100,2300,50,750,0.5,225,0,76,11400,Fresh Seed User,3.69,-0.69,10.20,4.61,1.39,3.91,-0.69,0.00,0.19,0.83
427,DEBRE ELIAS,0.49,Male,40,10,0,5,0.59,7.23,0.37,32,43,27700,1,2,15,1,0,Non-member,150,3450,275,4125,0.5,225,1600,78,11700,Fresh Seed User,3.76,-0.69,10.23,5.01,1.39,5.62,-0.69,7.38,0.14,0.87
428,DEBRE ELIAS,0.62,Male,48,18,10,7,0.38,11.43,0.92,43,43,25075,1,2,25,1,0,Non-member,150,3450,400,6000,1,450,0,95,14250,Fresh Seed User,3.76,0.00,10.13,5.01,1.61,5.99,0.00,0.00,0.08,0.93
429,DEBRE ELIAS,0.55,Male,32,5,0,3,0.81,1.70,0.28,17,34,10899,8,1,30,1,0,Member,200,4600,75,1125,0,0,0,86,12900,Recycled Seed Users,3.53,-0.69,9.30,5.30,1.10,4.32,0.00,0.00,0.37,0.72
430,DEBRE ELIAS,0.79,Male,44,12,0,8,0.48,8.23,0.59,32.75,44,28990,1,2,20,1,0,Non-member,125,2875,150,2250,1.5,675,0,120,18000,Fresh Seed User,3.78,0.12,10.27,4.83,1.39,5.01,0.41,0.00,0.12,0.89
431,DEBRE ELIAS,0.82,Male,50,18,0,7,0.28,11.41,1.24,42.25,42,22615,1,2,30,1,0,Non-member,150,3450,200,3000,0.5,225,0,124,18600,Recycled Seed Users,3.74,-0.69,10.03,5.01,1.61,5.30,-0.69,0.00,0.08,0.92
432,DEBRE ELIAS,0.84,Male,50,7,0,7,0.28,5.29,1.27,45.25,45,29400,6,2,30,3,12000,Non-member,150,3450,100,1500,1.5,675,1200,126,18900,Fresh Seed User,3.81,-0.69,10.29,5.01,1.61,4.61,0.41,7.09,0.23,0.80
433,DEBRE ELIAS,0.00,Male,41,10,0,5,0.57,7.29,0.00,15.75,32,23250,1,2,5,1,0,Non-member,150,2700,55,825,0,0,0,44,6600,Recycled Seed Users,3.47,0.81,10.05,5.01,0.00,4.01,0.00,0.00,0.14,0.87
434,DEBRE ELIAS,0.90,Male,55,10,0,11,0.15,7.14,2.14,59,47,5825,1,2,30,2,6000,Member,150,3450,150,2250,1,450,3000,132,19800,Recycled Seed Users,3.40,0.71,8.67,5.01,1.10,5.01,0.00,8.01,0.15,0.87
435,DEBRE ELIAS,0.00,Male,53,51,0,14,0.20,21.50,0.00,6.75,27,36913,0,2,5,1,4000,Non-member,350,6300,25,375,0,0,0,29,4350,Fresh Seed User,3.76,0.69,10.52,5.86,0.00,3.22,0.00,0.00,0.00,1.00
436,DEBRE ELIAS,0.85,Male,35,5,0,4,0.73,3.25,0.53,28,45,8000,8,1,25,1,0,Member,150,3450,100,1500,1,450,0,127,19050,Recycled Seed Users,3.53,-0.19,8.99,5.01,1.39,4.61,0.00,0.00,0.34,0.73
437,DEBRE ELIAS,0.00,Male,42,10,5,5,0.56,6.75,0.00,7.5,30,22038,4,2,5,0,0,Non-member,250,4500,40,600,0,0,0,41,6150,Recycled Seed Users,3.40,0.97,10.00,5.52,0.00,3.69,0.00,0.00,0.16,0.86
438,DEBRE ELIAS,0.55,Male,43,12,0,12,0.52,8.50,0.42,29.25,39,24380,1,2,15,3,0,Non-member,150,3450,50,750,0.5,225,0,86,12900,Fresh Seed User,3.66,-0.29,10.10,5.01,1.61,3.91,-0.69,0.00,0.12,0.90
439,DEBRE ELIAS,0.59,Male,27,3,0,11,0.93,0.09,0.15,9.25,37,13130,10,0,15,1,6500,Member,200,4600,150,2250,0.25,112.5,0,91,13650,Recycled Seed Users,3.61,-1.39,9.48,5.30,1.39,5.01,-1.39,0.00,0.55,0.60
440,DEBRE ELIAS,0.61,Male,47,15,0,7,0.39,9.65,0.92,42.25,42,25125,1,2,20,2,15000,Non-member,150,3450,250,3750,1.25,562.5,0,94,14100,Fresh Seed User,3.74,-0.69,10.13,5.01,1.61,5.52,0.22,0.00,0.10,0.91
441,DEBRE ELIAS,1.00,Male,69,35,0,13,0.06,18.70,2.88,95,48,32200,0,2,30,3,0,Non-member,150,3450,175,2625,1.5,675,4800,124,18600,Fresh Seed User,3.87,0.94,10.38,5.01,1.61,5.16,0.41,8.48,0.03,0.97
442,DEBRE ELIAS,0.49,Male,28,2,3,2,0.89,0.22,0.25,16.25,32,9025,13,0,15,1,8500,Member,100,2300,75,1125,0,0,0,78,11700,Recycled Seed Users,3.47,-0.68,9.11,4.61,0.69,4.32,0.00,0.00,0.77,0.50
443,DEBRE ELIAS,0.29,Male,33,5,0,3,0.79,3.50,0.22,25,33,16350,8,1,10,1,5000,Member,400,9200,75,1125,0,0,0,58,8700,Recycled Seed Users,3.50,-0.28,9.70,5.99,0.69,4.32,0.00,0.00,0.33,0.74
444,DEBRE ELIAS,0.81,Male,34,6,8,3,0.78,5.11,0.41,19,38,12525,7,2,30,2,5000,Member,150,3450,150,2250,0,0,0,123,18450,Recycled Seed Users,3.64,-0.69,9.44,5.01,1.39,5.01,0.00,0.00,0.30,0.76
445,DEBRE ELIAS,0.57,Male,48,12,0,8,0.38,8.63,1.07,46.5,37,17525,1,2,20,0,0,Member,150,3450,150,2250,0.5,225,0,89,13350,Recycled Seed Users,3.61,0.23,9.77,5.01,1.39,5.01,-0.69,0.00,0.12,0.90
446,DEBRE ELIAS,0.26,Male,30,3,6,3,0.84,0.77,0.13,17,34,14925,10,0,5,1,0,Member,400,9200,50,750,0,0,0,56,8400,Recycled Seed Users,3.53,-0.69,9.61,5.99,1.10,3.91,0.00,0.00,0.56,0.60
447,DEBRE ELIAS,0.53,Male,32,5,0,3,0.79,1.55,0.27,18,36,12975,8,1,10,1,0,Member,150,3450,200,3000,0.5,225,0,83,12450,Recycled Seed Users,3.58,-0.69,9.47,5.01,1.10,5.30,-0.69,0.00,0.38,0.71
448,DEBRE ELIAS,0.38,Female,45,6,0,6,0.47,7.29,0.71,65,43,29900,7,2,5,2,0,Non-member,150,3450,100,1500,1,450,0,67,10050,Fresh Seed User,3.76,-0.69,10.31,5.01,0.69,4.61,0.00,0.00,0.28,0.77
449,DEBRE ELIAS,0.61,Male,43,16,0,5,0.52,11.12,0.46,30.75,41,26150,1,2,30,1,0,Non-member,150,3450,225,3375,0.5,225,0,94,14100,Fresh Seed User,3.71,-0.29,10.17,5.01,1.39,5.42,-0.69,0.00,0.09,0.92
450,DEBRE ELIAS,1.00,Male,70,39,4,13,0.04,20.00,2.88,124,50,32250,0,2,30,4,0,Non-member,175,4025,175,2625,1,450,4800,131,19650,Fresh Seed User,3.91,-0.69,10.38,5.16,1.61,5.16,0.00,8.48,0.02,0.98
